id;tower_id;name;created_at;updated_at;source_le;franchise;recipient_le;catalogue;active;area;scenario
SERVICE13-UK-FranchiseA-A;DEP01;SERVICE13;2025-11-25 23:47:28.460109+00;2025-11-25 23:47:28.460109+00;UK;Franchise A;A;Y;Y;AREA01;ACTUALS
SERVICE13-UK-FranchiseA-B;DEP01;SERVICE13;2025-11-25 23:47:28.460109+00;2025-11-25 23:47:28.460109+00;UK;Franchise A;B;Y;Y;AREA01;ACTUALS
SERVICE13-INDIA-FranchiseA-A;DEP01;SERVICE13;2025-11-25 23:47:28.460109+00;2025-11-25 23:47:28.460109+00;INDIA;Franchise A;A;Y;Y;AREA01;ACTUALS
SERVICE13-INDIA-FranchiseA-B;DEP01;SERVICE13;2025-11-25 23:47:28.460109+00;2025-11-25 23:47:28.460109+00;INDIA;Franchise A;B;Y;Y;AREA01;ACTUALS
SERVICE12-UK-FranchiseB-A;DEP01;SERVICE12;2025-11-25 23:47:28.460109+00;2025-11-25 23:47:28.460109+00;UK;Franchise B;A;Y;Y;AREA01;ACTUALS
SERVICE12-UK-FranchiseB-B;DEP01;SERVICE12;2025-11-25 23:47:28.460109+00;2025-11-25 23:47:28.460109+00;UK;Franchise B;B;Y;Y;AREA01;ACTUALS
SERVICE14-UK-FranchiseB-B;DEP01;SERVICE14;2025-11-25 23:47:28.460109+00;2025-11-25 23:47:28.460109+00;UK;Franchise B;B;Y;Y;AREA01;ACTUALS
SERVICE14-INDIA-FranchiseB-A;DEP01;SERVICE14;2025-11-25 23:47:28.460109+00;2025-11-25 23:47:28.460109+00;INDIA;Franchise B;A;Y;Y;AREA01;ACTUALS
SERVICE14-INDIA-FranchiseB-B;DEP01;SERVICE14;2025-11-25 23:47:28.460109+00;2025-11-25 23:47:28.460109+00;INDIA;Franchise B;B;Y;Y;AREA01;ACTUALS
SERVICE13-UK-FranchiseB-A;DEP01;SERVICE13;2025-11-25 23:47:28.460109+00;2025-11-25 23:47:28.460109+00;UK;Franchise B;A;Y;Y;AREA01;ACTUALS
SERVICE13-UK-FranchiseB-B;DEP01;SERVICE13;2025-11-25 23:47:28.460109+00;2025-11-25 23:47:28.460109+00;UK;Franchise B;B;Y;Y;AREA01;ACTUALS
SERVICE13-INDIA-FranchiseB-A;DEP01;SERVICE13;2025-11-25 23:47:28.460109+00;2025-11-25 23:47:28.460109+00;INDIA;Franchise B;A;Y;Y;AREA01;ACTUALS
SERVICE13-INDIA-FranchiseB-B;DEP01;SERVICE13;2025-11-25 23:47:28.460109+00;2025-11-25 23:47:28.460109+00;INDIA;Franchise B;B;Y;Y;AREA01;ACTUALS
SERVICE12-UK-FranchiseC-Y;DEP01;SERVICE12;2025-11-25 23:47:28.460109+00;2025-11-25 23:47:28.460109+00;UK;Franchise C;Y;Y;Y;AREA01;ACTUALS
SERVICE12-UK-FranchiseC-D;DEP01;SERVICE12;2025-11-25 23:47:28.460109+00;2025-11-25 23:47:28.460109+00;UK;Franchise C;D;Y;Y;AREA01;ACTUALS
SERVICE12-UK-FranchiseC-E;DEP01;SERVICE12;2025-11-25 23:47:28.460109+00;2025-11-25 23:47:28.460109+00;UK;Franchise C;E;Y;Y;AREA01;ACTUALS
SERVICE11-UK-FranchiseA-B;DEP01;SERVICE11;2025-11-15 11:24:46.60307+00;2025-11-25 22:10:03.004065+00;UK;Franchise A;B;Y;Y;AREA01;ACTUALS
SERVICE01-INDIA-FranchiseD-C;DEP01;SERVICE01;2025-11-15 11:24:46.60307+00;2025-11-25 22:10:03.004065+00;INDIA;Franchise D;C;Y;Y;AREA01;ACTUALS
SERVICE01-INDIA-FranchiseD-V;DEP01;SERVICE01;2025-11-15 11:24:46.60307+00;2025-11-25 22:10:03.004065+00;INDIA;Franchise D;V;Y;Y;AREA01;ACTUALS
SERVICE01-INDIA-FranchiseD-N;DEP01;SERVICE01;2025-11-15 11:24:46.60307+00;2025-11-25 22:10:03.004065+00;INDIA;Franchise D;N;Y;Y;AREA01;ACTUALS
SERVICE01-INDIA-FranchiseD-M;DEP01;SERVICE01;2025-11-15 11:24:46.60307+00;2025-11-25 22:10:03.004065+00;INDIA;Franchise D;M;Y;Y;AREA01;ACTUALS
SERVICE01-INDIA-FranchiseD-F;DEP01;SERVICE01;2025-11-15 11:24:46.60307+00;2025-11-25 22:10:03.004065+00;INDIA;Franchise D;F;N;N;AREA01;ACTUALS
SERVICE01-INDIA-FranchiseD-G;DEP01;SERVICE01;2025-11-15 11:24:46.60307+00;2025-11-25 22:10:03.004065+00;INDIA;Franchise D;G;N;N;AREA01;ACTUALS
SERVICE01-INDIA-FranchiseD-H;DEP01;SERVICE01;2025-11-15 11:24:46.60307+00;2025-11-25 22:10:03.004065+00;INDIA;Franchise D;H;N;N;AREA01;ACTUALS
SERVICE01-INDIA-FranchiseE-K;DEP01;SERVICE01;2025-11-15 11:24:46.60307+00;2025-11-25 22:10:03.004065+00;INDIA;Franchise E;K;Y;Y;AREA01;ACTUALS
SERVICE01-INDIA-FranchiseE-L;DEP01;SERVICE01;2025-11-15 11:24:46.60307+00;2025-11-25 22:10:03.004065+00;INDIA;Franchise E;L;Y;Y;AREA01;ACTUALS
SERVICE01-INDIA-FranchiseE-P;DEP01;SERVICE01;2025-11-15 11:24:46.60307+00;2025-11-25 22:10:03.004065+00;INDIA;Franchise E;P;N;N;AREA01;ACTUALS
SERVICE01-INDIA-FranchiseE-R;DEP01;SERVICE01;2025-11-15 11:24:46.60307+00;2025-11-25 22:10:03.004065+00;INDIA;Franchise E;R;N;N;AREA01;ACTUALS
SERVICE01-INDIA-FranchiseE-S;DEP01;SERVICE01;2025-11-15 11:24:46.60307+00;2025-11-25 22:10:03.004065+00;INDIA;Franchise E;S;N;N;AREA01;ACTUALS
SERVICE01-INDIA-FranchiseF-A;DEP01;SERVICE01;2025-11-15 11:24:46.60307+00;2025-11-25 22:10:03.004065+00;INDIA;Franchise F;A;Y;Y;AREA01;ACTUALS
SERVICE01-INDIA-FranchiseF-T;DEP01;SERVICE01;2025-11-15 11:24:46.60307+00;2025-11-25 22:10:03.004065+00;INDIA;Franchise F;T;Y;Y;AREA01;ACTUALS
SERVICE01-INDIA-FranchiseG-A;DEP01;SERVICE01;2025-11-15 11:24:46.60307+00;2025-11-25 22:10:03.004065+00;INDIA;Franchise G;A;Y;Y;AREA01;ACTUALS
SERVICE01-INDIA-FranchiseG-Q;DEP01;SERVICE01;2025-11-15 11:24:46.60307+00;2025-11-25 22:10:03.004065+00;INDIA;Franchise G;Q;Y;Y;AREA01;ACTUALS
SERVICE33-INDIA-FranchiseA-A;DEP03;SERVICE33;2025-11-15 11:32:52.265031+00;2025-11-25 22:10:03.004065+00;INDIA;Franchise A;A;Y;Y;AREA01;ACTUALS
SERVICE33-INDIA-FranchiseA-B;DEP03;SERVICE33;2025-11-15 11:32:52.265031+00;2025-11-25 22:10:03.004065+00;INDIA;Franchise A;B;Y;Y;AREA01;ACTUALS
SERVICE03-UK-FranchiseA-A;DEP03;SERVICE03;2025-11-15 11:32:52.265031+00;2025-11-25 22:10:03.004065+00;UK;Franchise A;A;Y;Y;AREA01;ACTUALS
SERVICE03-UK-FranchiseA-B;DEP03;SERVICE03;2025-11-15 11:32:52.265031+00;2025-11-25 22:10:03.004065+00;UK;Franchise A;B;Y;Y;AREA01;ACTUALS
SERVICE03-INDIA-FranchiseA-A;DEP03;SERVICE03;2025-11-15 11:32:52.265031+00;2025-11-25 22:10:03.004065+00;INDIA;Franchise A;A;Y;Y;AREA01;ACTUALS
SERVICE03-INDIA-FranchiseA-B;DEP03;SERVICE03;2025-11-15 11:32:52.265031+00;2025-11-25 22:10:03.004065+00;INDIA;Franchise A;B;Y;Y;AREA01;ACTUALS
SERVICE33-UK-FranchiseA-A;DEP03;SERVICE33;2025-11-15 11:32:52.265031+00;2025-11-25 22:10:03.004065+00;UK;Franchise A;A;Y;Y;AREA01;ACTUALS
SERVICE44-UK-FranchiseA-B;DEP04;SERVICE44;2025-11-15 11:32:52.265031+00;2025-11-25 22:10:03.004065+00;UK;Franchise A;B;Y;Y;AREA01;ACTUALS
SERVICE44-INDIA-FranchiseA-A;DEP04;SERVICE44;2025-11-15 11:32:52.265031+00;2025-11-25 22:10:03.004065+00;INDIA;Franchise A;A;Y;Y;AREA01;ACTUALS
SERVICE44-INDIA-FranchiseA-B;DEP04;SERVICE44;2025-11-15 11:32:52.265031+00;2025-11-25 22:10:03.004065+00;INDIA;Franchise A;B;Y;Y;AREA01;ACTUALS
SERVICE04-UK-FranchiseA-A;DEP04;SERVICE04;2025-11-15 11:32:52.265031+00;2025-11-25 22:10:03.004065+00;UK;Franchise A;A;Y;Y;AREA01;ACTUALS
SERVICE04-UK-FranchiseA-B;DEP04;SERVICE04;2025-11-15 11:32:52.265031+00;2025-11-25 22:10:03.004065+00;UK;Franchise A;B;Y;Y;AREA01;ACTUALS
SERVICE04-INDIA-FranchiseA-A;DEP04;SERVICE04;2025-11-15 11:32:52.265031+00;2025-11-25 22:10:03.004065+00;INDIA;Franchise A;A;Y;Y;AREA01;ACTUALS
SERVICE04-INDIA-FranchiseA-B;DEP04;SERVICE04;2025-11-15 11:32:52.265031+00;2025-11-25 22:10:03.004065+00;INDIA;Franchise A;B;Y;Y;AREA01;ACTUALS
SERVICE44-UK-FranchiseA-A;DEP04;SERVICE44;2025-11-15 11:32:52.265031+00;2025-11-25 22:10:03.004065+00;UK;Franchise A;A;Y;Y;AREA01;ACTUALS
SERVICE11-INDIA-FranchiseA-A;DEP01;SERVICE11;2025-11-15 11:24:46.60307+00;2025-11-25 22:10:03.004065+00;INDIA;Franchise A;A;Y;Y;AREA01;ACTUALS
SERVICE11-INDIA-FranchiseA-B;DEP01;SERVICE11;2025-11-15 11:24:46.60307+00;2025-11-25 22:10:03.004065+00;INDIA;Franchise A;B;Y;Y;AREA01;ACTUALS
SERVICE01-UK-FranchiseB-A;DEP01;SERVICE01;2025-11-15 11:24:46.60307+00;2025-11-25 22:10:03.004065+00;UK;Franchise B;A;Y;Y;AREA01;ACTUALS
SERVICE01-UK-FranchiseB-B;DEP01;SERVICE01;2025-11-15 11:24:46.60307+00;2025-11-25 22:10:03.004065+00;UK;Franchise B;B;Y;Y;AREA01;ACTUALS
SERVICE01-INDIA-FranchiseB-A;DEP01;SERVICE01;2025-11-15 11:24:46.60307+00;2025-11-25 22:10:03.004065+00;INDIA;Franchise B;A;Y;Y;AREA01;ACTUALS
SERVICE01-INDIA-FranchiseB-B;DEP01;SERVICE01;2025-11-15 11:24:46.60307+00;2025-11-25 22:10:03.004065+00;INDIA;Franchise B;B;Y;Y;AREA01;ACTUALS
SERVICE02-UK-FranchiseB-A;DEP02;SERVICE02;2025-11-15 11:32:52.265031+00;2025-11-25 22:10:03.004065+00;UK;Franchise B;A;Y;Y;AREA01;ACTUALS
SERVICE02-UK-FranchiseB-B;DEP02;SERVICE02;2025-11-15 11:32:52.265031+00;2025-11-25 22:10:03.004065+00;UK;Franchise B;B;Y;Y;AREA01;ACTUALS
SERVICE22-UK-FranchiseB-B;DEP02;SERVICE22;2025-11-15 11:32:52.265031+00;2025-11-25 22:10:03.004065+00;UK;Franchise B;B;Y;Y;AREA01;ACTUALS
SERVICE22-INDIA-FranchiseB-A;DEP02;SERVICE22;2025-11-15 11:32:52.265031+00;2025-11-25 22:10:03.004065+00;INDIA;Franchise B;A;Y;Y;AREA01;ACTUALS
SERVICE22-INDIA-FranchiseB-B;DEP02;SERVICE22;2025-11-15 11:32:52.265031+00;2025-11-25 22:10:03.004065+00;INDIA;Franchise B;B;Y;Y;AREA01;ACTUALS
SERVICE33-UK-FranchiseB-A;DEP03;SERVICE33;2025-11-15 11:32:52.265031+00;2025-11-25 22:10:03.004065+00;UK;Franchise B;A;Y;Y;AREA01;ACTUALS
SERVICE12-UK-FranchiseC-I;DEP01;SERVICE12;2025-11-25 23:47:28.460109+00;2025-11-25 23:47:28.460109+00;UK;Franchise C;I;N;N;AREA01;ACTUALS
SERVICE33-UK-FranchiseB-B;DEP03;SERVICE33;2025-11-15 11:32:52.265031+00;2025-11-25 22:10:03.004065+00;UK;Franchise B;B;Y;Y;AREA01;ACTUALS
SERVICE33-INDIA-FranchiseB-A;DEP03;SERVICE33;2025-11-15 11:32:52.265031+00;2025-11-25 22:10:03.004065+00;INDIA;Franchise B;A;Y;Y;AREA01;ACTUALS
SERVICE33-INDIA-FranchiseB-B;DEP03;SERVICE33;2025-11-15 11:32:52.265031+00;2025-11-25 22:10:03.004065+00;INDIA;Franchise B;B;Y;Y;AREA01;ACTUALS
SERVICE03-UK-FranchiseB-A;DEP03;SERVICE03;2025-11-15 11:32:52.265031+00;2025-11-25 22:10:03.004065+00;UK;Franchise B;A;Y;Y;AREA01;ACTUALS
SERVICE03-UK-FranchiseB-B;DEP03;SERVICE03;2025-11-15 11:32:52.265031+00;2025-11-25 22:10:03.004065+00;UK;Franchise B;B;Y;Y;AREA01;ACTUALS
SERVICE03-INDIA-FranchiseB-A;DEP03;SERVICE03;2025-11-15 11:32:52.265031+00;2025-11-25 22:10:03.004065+00;INDIA;Franchise B;A;Y;Y;AREA01;ACTUALS
SERVICE03-INDIA-FranchiseB-B;DEP03;SERVICE03;2025-11-15 11:32:52.265031+00;2025-11-25 22:10:03.004065+00;INDIA;Franchise B;B;Y;Y;AREA01;ACTUALS
SERVICE44-UK-FranchiseB-A;DEP04;SERVICE44;2025-11-15 11:32:52.265031+00;2025-11-25 22:10:03.004065+00;UK;Franchise B;A;Y;Y;AREA01;ACTUALS
SERVICE44-UK-FranchiseB-B;DEP04;SERVICE44;2025-11-15 11:32:52.265031+00;2025-11-25 22:10:03.004065+00;UK;Franchise B;B;Y;Y;AREA01;ACTUALS
SERVICE44-INDIA-FranchiseB-A;DEP04;SERVICE44;2025-11-15 11:32:52.265031+00;2025-11-25 22:10:03.004065+00;INDIA;Franchise B;A;Y;Y;AREA01;ACTUALS
SERVICE44-INDIA-FranchiseB-B;DEP04;SERVICE44;2025-11-15 11:32:52.265031+00;2025-11-25 22:10:03.004065+00;INDIA;Franchise B;B;Y;Y;AREA01;ACTUALS
SERVICE04-UK-FranchiseB-A;DEP04;SERVICE04;2025-11-15 11:32:52.265031+00;2025-11-25 22:10:03.004065+00;UK;Franchise B;A;Y;Y;AREA01;ACTUALS
SERVICE04-UK-FranchiseB-B;DEP04;SERVICE04;2025-11-15 11:32:52.265031+00;2025-11-25 22:10:03.004065+00;UK;Franchise B;B;Y;Y;AREA01;ACTUALS
SERVICE04-INDIA-FranchiseB-A;DEP04;SERVICE04;2025-11-15 11:32:52.265031+00;2025-11-25 22:10:03.004065+00;INDIA;Franchise B;A;Y;Y;AREA01;ACTUALS
SERVICE04-INDIA-FranchiseB-B;DEP04;SERVICE04;2025-11-15 11:32:52.265031+00;2025-11-25 22:10:03.004065+00;INDIA;Franchise B;B;Y;Y;AREA01;ACTUALS
SERVICE11-UK-FranchiseB-A;DEP01;SERVICE11;2025-11-15 11:24:46.60307+00;2025-11-25 22:10:03.004065+00;UK;Franchise B;A;Y;Y;AREA01;ACTUALS
SERVICE11-UK-FranchiseB-B;DEP01;SERVICE11;2025-11-15 11:24:46.60307+00;2025-11-25 22:10:03.004065+00;UK;Franchise B;B;Y;Y;AREA01;ACTUALS
SERVICE11-INDIA-FranchiseB-A;DEP01;SERVICE11;2025-11-15 11:24:46.60307+00;2025-11-25 22:10:03.004065+00;INDIA;Franchise B;A;Y;Y;AREA01;ACTUALS
SERVICE11-INDIA-FranchiseB-B;DEP01;SERVICE11;2025-11-15 11:24:46.60307+00;2025-11-25 22:10:03.004065+00;INDIA;Franchise B;B;Y;Y;AREA01;ACTUALS
SERVICE01-UK-FranchiseC-Y;DEP01;SERVICE01;2025-11-15 11:24:46.60307+00;2025-11-25 22:10:03.004065+00;UK;Franchise C;Y;Y;Y;AREA01;ACTUALS
SERVICE01-UK-FranchiseC-D;DEP01;SERVICE01;2025-11-15 11:24:46.60307+00;2025-11-25 22:10:03.004065+00;UK;Franchise C;D;Y;Y;AREA01;ACTUALS
SERVICE01-UK-FranchiseC-E;DEP01;SERVICE01;2025-11-15 11:24:46.60307+00;2025-11-25 22:10:03.004065+00;UK;Franchise C;E;Y;Y;AREA01;ACTUALS
SERVICE01-UK-FranchiseC-I;DEP01;SERVICE01;2025-11-15 11:24:46.60307+00;2025-11-25 22:10:03.004065+00;UK;Franchise C;I;N;N;AREA01;ACTUALS
SERVICE01-UK-FranchiseC-J;DEP01;SERVICE01;2025-11-15 11:24:46.60307+00;2025-11-25 22:10:03.004065+00;UK;Franchise C;J;N;N;AREA01;ACTUALS
SERVICE01-UK-FranchiseC-O;DEP01;SERVICE01;2025-11-15 11:24:46.60307+00;2025-11-25 22:10:03.004065+00;UK;Franchise C;O;N;N;AREA01;ACTUALS
SERVICE01-INDIA-FranchiseC-Y;DEP01;SERVICE01;2025-11-15 11:24:46.60307+00;2025-11-25 22:10:03.004065+00;INDIA;Franchise C;Y;Y;Y;AREA01;ACTUALS
SERVICE01-INDIA-FranchiseC-D;DEP01;SERVICE01;2025-11-15 11:24:46.60307+00;2025-11-25 22:10:03.004065+00;INDIA;Franchise C;D;Y;Y;AREA01;ACTUALS
SERVICE01-INDIA-FranchiseC-E;DEP01;SERVICE01;2025-11-15 11:24:46.60307+00;2025-11-25 22:10:03.004065+00;INDIA;Franchise C;E;Y;Y;AREA01;ACTUALS
SERVICE01-INDIA-FranchiseC-I;DEP01;SERVICE01;2025-11-15 11:24:46.60307+00;2025-11-25 22:10:03.004065+00;INDIA;Franchise C;I;N;N;AREA01;ACTUALS
SERVICE01-INDIA-FranchiseC-J;DEP01;SERVICE01;2025-11-15 11:24:46.60307+00;2025-11-25 22:10:03.004065+00;INDIA;Franchise C;J;N;N;AREA01;ACTUALS
SERVICE02-UK-FranchiseC-Y;DEP02;SERVICE02;2025-11-15 11:32:52.265031+00;2025-11-25 22:10:03.004065+00;UK;Franchise C;Y;Y;Y;AREA01;ACTUALS
SERVICE02-UK-FranchiseC-D;DEP02;SERVICE02;2025-11-15 11:32:52.265031+00;2025-11-25 22:10:03.004065+00;UK;Franchise C;D;Y;Y;AREA01;ACTUALS
SERVICE02-UK-FranchiseC-E;DEP02;SERVICE02;2025-11-15 11:32:52.265031+00;2025-11-25 22:10:03.004065+00;UK;Franchise C;E;Y;Y;AREA01;ACTUALS
SERVICE02-UK-FranchiseC-I;DEP02;SERVICE02;2025-11-15 11:32:52.265031+00;2025-11-25 22:10:03.004065+00;UK;Franchise C;I;N;N;AREA01;ACTUALS
SERVICE02-UK-FranchiseC-J;DEP02;SERVICE02;2025-11-15 11:32:52.265031+00;2025-11-25 22:10:03.004065+00;UK;Franchise C;J;N;N;AREA01;ACTUALS
SERVICE02-UK-FranchiseC-O;DEP02;SERVICE02;2025-11-15 11:32:52.265031+00;2025-11-25 22:10:03.004065+00;UK;Franchise C;O;N;N;AREA01;ACTUALS
SERVICE22-UK-FranchiseC-Y;DEP02;SERVICE22;2025-11-15 11:32:52.265031+00;2025-11-25 22:10:03.004065+00;UK;Franchise C;Y;Y;Y;AREA01;ACTUALS
SERVICE22-UK-FranchiseC-D;DEP02;SERVICE22;2025-11-15 11:32:52.265031+00;2025-11-25 22:10:03.004065+00;UK;Franchise C;D;Y;Y;AREA01;ACTUALS
SERVICE22-UK-FranchiseC-E;DEP02;SERVICE22;2025-11-15 11:32:52.265031+00;2025-11-25 22:10:03.004065+00;UK;Franchise C;E;Y;Y;AREA01;ACTUALS
SERVICE22-UK-FranchiseC-I;DEP02;SERVICE22;2025-11-15 11:32:52.265031+00;2025-11-25 22:10:03.004065+00;UK;Franchise C;I;N;N;AREA01;ACTUALS
SERVICE22-UK-FranchiseC-J;DEP02;SERVICE22;2025-11-15 11:32:52.265031+00;2025-11-25 22:10:03.004065+00;UK;Franchise C;J;N;N;AREA01;ACTUALS
SERVICE22-UK-FranchiseC-O;DEP02;SERVICE22;2025-11-15 11:32:52.265031+00;2025-11-25 22:10:03.004065+00;UK;Franchise C;O;N;N;AREA01;ACTUALS
SERVICE22-INDIA-FranchiseC-Y;DEP02;SERVICE22;2025-11-15 11:32:52.265031+00;2025-11-25 22:10:03.004065+00;INDIA;Franchise C;Y;Y;Y;AREA01;ACTUALS
SERVICE22-INDIA-FranchiseC-D;DEP02;SERVICE22;2025-11-15 11:32:52.265031+00;2025-11-25 22:10:03.004065+00;INDIA;Franchise C;D;Y;Y;AREA01;ACTUALS
SERVICE22-INDIA-FranchiseC-E;DEP02;SERVICE22;2025-11-15 11:32:52.265031+00;2025-11-25 22:10:03.004065+00;INDIA;Franchise C;E;Y;Y;AREA01;ACTUALS
SERVICE22-INDIA-FranchiseC-I;DEP02;SERVICE22;2025-11-15 11:32:52.265031+00;2025-11-25 22:10:03.004065+00;INDIA;Franchise C;I;N;N;AREA01;ACTUALS
SERVICE22-INDIA-FranchiseC-J;DEP02;SERVICE22;2025-11-15 11:32:52.265031+00;2025-11-25 22:10:03.004065+00;INDIA;Franchise C;J;N;N;AREA01;ACTUALS
SERVICE22-INDIA-FranchiseC-O;DEP02;SERVICE22;2025-11-15 11:32:52.265031+00;2025-11-25 22:10:03.004065+00;INDIA;Franchise C;O;N;N;AREA01;ACTUALS
SERVICE02-INDIA-FranchiseC-O;DEP02;SERVICE02;2025-11-15 11:32:52.265031+00;2025-11-25 22:10:03.004065+00;INDIA;Franchise C;O;N;N;AREA01;ACTUALS
SERVICE33-UK-FranchiseC-Y;DEP03;SERVICE33;2025-11-15 11:32:52.265031+00;2025-11-25 22:10:03.004065+00;UK;Franchise C;Y;Y;Y;AREA01;ACTUALS
SERVICE33-UK-FranchiseC-D;DEP03;SERVICE33;2025-11-15 11:32:52.265031+00;2025-11-25 22:10:03.004065+00;UK;Franchise C;D;Y;Y;AREA01;ACTUALS
SERVICE33-UK-FranchiseC-E;DEP03;SERVICE33;2025-11-15 11:32:52.265031+00;2025-11-25 22:10:03.004065+00;UK;Franchise C;E;Y;Y;AREA01;ACTUALS
SERVICE33-UK-FranchiseC-I;DEP03;SERVICE33;2025-11-15 11:32:52.265031+00;2025-11-25 22:10:03.004065+00;UK;Franchise C;I;N;N;AREA01;ACTUALS
SERVICE33-UK-FranchiseC-J;DEP03;SERVICE33;2025-11-15 11:32:52.265031+00;2025-11-25 22:10:03.004065+00;UK;Franchise C;J;N;N;AREA01;ACTUALS
SERVICE33-UK-FranchiseC-O;DEP03;SERVICE33;2025-11-15 11:32:52.265031+00;2025-11-25 22:10:03.004065+00;UK;Franchise C;O;N;N;AREA01;ACTUALS
SERVICE33-INDIA-FranchiseC-Y;DEP03;SERVICE33;2025-11-15 11:32:52.265031+00;2025-11-25 22:10:03.004065+00;INDIA;Franchise C;Y;Y;Y;AREA01;ACTUALS
SERVICE33-INDIA-FranchiseC-D;DEP03;SERVICE33;2025-11-15 11:32:52.265031+00;2025-11-25 22:10:03.004065+00;INDIA;Franchise C;D;Y;Y;AREA01;ACTUALS
SERVICE33-INDIA-FranchiseC-E;DEP03;SERVICE33;2025-11-15 11:32:52.265031+00;2025-11-25 22:10:03.004065+00;INDIA;Franchise C;E;Y;Y;AREA01;ACTUALS
SERVICE33-INDIA-FranchiseC-I;DEP03;SERVICE33;2025-11-15 11:32:52.265031+00;2025-11-25 22:10:03.004065+00;INDIA;Franchise C;I;N;N;AREA01;ACTUALS
SERVICE33-INDIA-FranchiseC-J;DEP03;SERVICE33;2025-11-15 11:32:52.265031+00;2025-11-25 22:10:03.004065+00;INDIA;Franchise C;J;N;N;AREA01;ACTUALS
SERVICE33-INDIA-FranchiseC-O;DEP03;SERVICE33;2025-11-15 11:32:52.265031+00;2025-11-25 22:10:03.004065+00;INDIA;Franchise C;O;N;N;AREA01;ACTUALS
SERVICE12-UK-FranchiseC-J;DEP01;SERVICE12;2025-11-25 23:47:28.460109+00;2025-11-25 23:47:28.460109+00;UK;Franchise C;J;N;N;AREA01;ACTUALS
SERVICE02-INDIA-FranchiseA-A;DEP02;SERVICE02;2025-11-15 11:32:52.265031+00;2025-11-25 22:10:03.004065+00;INDIA;Franchise A;A;Y;Y;AREA01;ACTUALS
SERVICE02-INDIA-FranchiseA-B;DEP02;SERVICE02;2025-11-15 11:32:52.265031+00;2025-11-25 22:10:03.004065+00;INDIA;Franchise A;B;Y;Y;AREA01;ACTUALS
SERVICE11-UK-FranchiseA-A;DEP01;SERVICE11;2025-11-15 11:24:46.60307+00;2025-11-25 22:10:03.004065+00;UK;Franchise A;A;Y;Y;AREA01;ACTUALS
SERVICE02-INDIA-FranchiseB-A;DEP02;SERVICE02;2025-11-15 11:32:52.265031+00;2025-11-25 22:10:03.004065+00;INDIA;Franchise B;A;Y;Y;AREA01;ACTUALS
SERVICE02-INDIA-FranchiseB-B;DEP02;SERVICE02;2025-11-15 11:32:52.265031+00;2025-11-25 22:10:03.004065+00;INDIA;Franchise B;B;Y;Y;AREA01;ACTUALS
SERVICE02-INDIA-FranchiseC-Y;DEP02;SERVICE02;2025-11-15 11:32:52.265031+00;2025-11-25 22:10:03.004065+00;INDIA;Franchise C;Y;Y;Y;AREA01;ACTUALS
SERVICE02-INDIA-FranchiseC-D;DEP02;SERVICE02;2025-11-15 11:32:52.265031+00;2025-11-25 22:10:03.004065+00;INDIA;Franchise C;D;Y;Y;AREA01;ACTUALS
SERVICE02-INDIA-FranchiseC-E;DEP02;SERVICE02;2025-11-15 11:32:52.265031+00;2025-11-25 22:10:03.004065+00;INDIA;Franchise C;E;Y;Y;AREA01;ACTUALS
SERVICE02-INDIA-FranchiseC-I;DEP02;SERVICE02;2025-11-15 11:32:52.265031+00;2025-11-25 22:10:03.004065+00;INDIA;Franchise C;I;N;N;AREA01;ACTUALS
SERVICE02-INDIA-FranchiseC-J;DEP02;SERVICE02;2025-11-15 11:32:52.265031+00;2025-11-25 22:10:03.004065+00;INDIA;Franchise C;J;N;N;AREA01;ACTUALS
SERVICE01-INDIA-FranchiseC-O;DEP01;SERVICE01;2025-11-15 11:24:46.60307+00;2025-11-25 22:10:03.004065+00;INDIA;Franchise C;O;N;N;AREA01;ACTUALS
SERVICE03-UK-FranchiseC-Y;DEP03;SERVICE03;2025-11-15 11:32:52.265031+00;2025-11-25 22:10:03.004065+00;UK;Franchise C;Y;Y;Y;AREA01;ACTUALS
SERVICE03-UK-FranchiseC-D;DEP03;SERVICE03;2025-11-15 11:32:52.265031+00;2025-11-25 22:10:03.004065+00;UK;Franchise C;D;Y;Y;AREA01;ACTUALS
SERVICE03-UK-FranchiseC-E;DEP03;SERVICE03;2025-11-15 11:32:52.265031+00;2025-11-25 22:10:03.004065+00;UK;Franchise C;E;Y;Y;AREA01;ACTUALS
SERVICE03-UK-FranchiseC-I;DEP03;SERVICE03;2025-11-15 11:32:52.265031+00;2025-11-25 22:10:03.004065+00;UK;Franchise C;I;N;N;AREA01;ACTUALS
SERVICE03-UK-FranchiseC-J;DEP03;SERVICE03;2025-11-15 11:32:52.265031+00;2025-11-25 22:10:03.004065+00;UK;Franchise C;J;N;N;AREA01;ACTUALS
SERVICE03-UK-FranchiseC-O;DEP03;SERVICE03;2025-11-15 11:32:52.265031+00;2025-11-25 22:10:03.004065+00;UK;Franchise C;O;N;N;AREA01;ACTUALS
SERVICE03-INDIA-FranchiseC-Y;DEP03;SERVICE03;2025-11-15 11:32:52.265031+00;2025-11-25 22:10:03.004065+00;INDIA;Franchise C;Y;Y;Y;AREA01;ACTUALS
SERVICE03-INDIA-FranchiseC-D;DEP03;SERVICE03;2025-11-15 11:32:52.265031+00;2025-11-25 22:10:03.004065+00;INDIA;Franchise C;D;Y;Y;AREA01;ACTUALS
SERVICE03-INDIA-FranchiseC-E;DEP03;SERVICE03;2025-11-15 11:32:52.265031+00;2025-11-25 22:10:03.004065+00;INDIA;Franchise C;E;Y;Y;AREA01;ACTUALS
SERVICE03-INDIA-FranchiseC-I;DEP03;SERVICE03;2025-11-15 11:32:52.265031+00;2025-11-25 22:10:03.004065+00;INDIA;Franchise C;I;N;N;AREA01;ACTUALS
SERVICE03-INDIA-FranchiseC-J;DEP03;SERVICE03;2025-11-15 11:32:52.265031+00;2025-11-25 22:10:03.004065+00;INDIA;Franchise C;J;N;N;AREA01;ACTUALS
SERVICE03-INDIA-FranchiseC-O;DEP03;SERVICE03;2025-11-15 11:32:52.265031+00;2025-11-25 22:10:03.004065+00;INDIA;Franchise C;O;N;N;AREA01;ACTUALS
SERVICE44-UK-FranchiseC-Y;DEP04;SERVICE44;2025-11-15 11:32:52.265031+00;2025-11-25 22:10:03.004065+00;UK;Franchise C;Y;Y;Y;AREA01;ACTUALS
SERVICE44-UK-FranchiseC-D;DEP04;SERVICE44;2025-11-15 11:32:52.265031+00;2025-11-25 22:10:03.004065+00;UK;Franchise C;D;Y;Y;AREA01;ACTUALS
SERVICE44-UK-FranchiseC-E;DEP04;SERVICE44;2025-11-15 11:32:52.265031+00;2025-11-25 22:10:03.004065+00;UK;Franchise C;E;Y;Y;AREA01;ACTUALS
SERVICE44-UK-FranchiseC-I;DEP04;SERVICE44;2025-11-15 11:32:52.265031+00;2025-11-25 22:10:03.004065+00;UK;Franchise C;I;N;N;AREA01;ACTUALS
SERVICE44-UK-FranchiseC-J;DEP04;SERVICE44;2025-11-15 11:32:52.265031+00;2025-11-25 22:10:03.004065+00;UK;Franchise C;J;N;N;AREA01;ACTUALS
SERVICE44-UK-FranchiseC-O;DEP04;SERVICE44;2025-11-15 11:32:52.265031+00;2025-11-25 22:10:03.004065+00;UK;Franchise C;O;N;N;AREA01;ACTUALS
SERVICE44-INDIA-FranchiseC-Y;DEP04;SERVICE44;2025-11-15 11:32:52.265031+00;2025-11-25 22:10:03.004065+00;INDIA;Franchise C;Y;Y;Y;AREA01;ACTUALS
SERVICE44-INDIA-FranchiseC-D;DEP04;SERVICE44;2025-11-15 11:32:52.265031+00;2025-11-25 22:10:03.004065+00;INDIA;Franchise C;D;Y;Y;AREA01;ACTUALS
SERVICE44-INDIA-FranchiseC-E;DEP04;SERVICE44;2025-11-15 11:32:52.265031+00;2025-11-25 22:10:03.004065+00;INDIA;Franchise C;E;Y;Y;AREA01;ACTUALS
SERVICE44-INDIA-FranchiseC-I;DEP04;SERVICE44;2025-11-15 11:32:52.265031+00;2025-11-25 22:10:03.004065+00;INDIA;Franchise C;I;N;N;AREA01;ACTUALS
SERVICE44-INDIA-FranchiseC-J;DEP04;SERVICE44;2025-11-15 11:32:52.265031+00;2025-11-25 22:10:03.004065+00;INDIA;Franchise C;J;N;N;AREA01;ACTUALS
SERVICE44-INDIA-FranchiseC-O;DEP04;SERVICE44;2025-11-15 11:32:52.265031+00;2025-11-25 22:10:03.004065+00;INDIA;Franchise C;O;N;N;AREA01;ACTUALS
SERVICE04-UK-FranchiseC-Y;DEP04;SERVICE04;2025-11-15 11:32:52.265031+00;2025-11-25 22:10:03.004065+00;UK;Franchise C;Y;Y;Y;AREA01;ACTUALS
SERVICE04-UK-FranchiseC-D;DEP04;SERVICE04;2025-11-15 11:32:52.265031+00;2025-11-25 22:10:03.004065+00;UK;Franchise C;D;Y;Y;AREA01;ACTUALS
SERVICE04-UK-FranchiseC-E;DEP04;SERVICE04;2025-11-15 11:32:52.265031+00;2025-11-25 22:10:03.004065+00;UK;Franchise C;E;Y;Y;AREA01;ACTUALS
SERVICE04-UK-FranchiseC-I;DEP04;SERVICE04;2025-11-15 11:32:52.265031+00;2025-11-25 22:10:03.004065+00;UK;Franchise C;I;N;N;AREA01;ACTUALS
SERVICE04-UK-FranchiseC-J;DEP04;SERVICE04;2025-11-15 11:32:52.265031+00;2025-11-25 22:10:03.004065+00;UK;Franchise C;J;N;N;AREA01;ACTUALS
SERVICE04-UK-FranchiseC-O;DEP04;SERVICE04;2025-11-15 11:32:52.265031+00;2025-11-25 22:10:03.004065+00;UK;Franchise C;O;N;N;AREA01;ACTUALS
SERVICE04-INDIA-FranchiseC-Y;DEP04;SERVICE04;2025-11-15 11:32:52.265031+00;2025-11-25 22:10:03.004065+00;INDIA;Franchise C;Y;Y;Y;AREA01;ACTUALS
SERVICE04-INDIA-FranchiseC-D;DEP04;SERVICE04;2025-11-15 11:32:52.265031+00;2025-11-25 22:10:03.004065+00;INDIA;Franchise C;D;Y;Y;AREA01;ACTUALS
SERVICE04-INDIA-FranchiseC-E;DEP04;SERVICE04;2025-11-15 11:32:52.265031+00;2025-11-25 22:10:03.004065+00;INDIA;Franchise C;E;Y;Y;AREA01;ACTUALS
SERVICE04-INDIA-FranchiseC-I;DEP04;SERVICE04;2025-11-15 11:32:52.265031+00;2025-11-25 22:10:03.004065+00;INDIA;Franchise C;I;N;N;AREA01;ACTUALS
SERVICE04-INDIA-FranchiseC-J;DEP04;SERVICE04;2025-11-15 11:32:52.265031+00;2025-11-25 22:10:03.004065+00;INDIA;Franchise C;J;N;N;AREA01;ACTUALS
SERVICE04-INDIA-FranchiseC-O;DEP04;SERVICE04;2025-11-15 11:32:52.265031+00;2025-11-25 22:10:03.004065+00;INDIA;Franchise C;O;N;N;AREA01;ACTUALS
SERVICE11-UK-FranchiseC-Y;DEP01;SERVICE11;2025-11-15 11:24:46.60307+00;2025-11-25 22:10:03.004065+00;UK;Franchise C;Y;Y;Y;AREA01;ACTUALS
SERVICE11-UK-FranchiseC-D;DEP01;SERVICE11;2025-11-15 11:24:46.60307+00;2025-11-25 22:10:03.004065+00;UK;Franchise C;D;Y;Y;AREA01;ACTUALS
SERVICE11-UK-FranchiseC-E;DEP01;SERVICE11;2025-11-15 11:24:46.60307+00;2025-11-25 22:10:03.004065+00;UK;Franchise C;E;Y;Y;AREA01;ACTUALS
SERVICE12-UK-FranchiseC-O;DEP01;SERVICE12;2025-11-25 23:47:28.460109+00;2025-11-25 23:47:28.460109+00;UK;Franchise C;O;N;N;AREA01;ACTUALS
SERVICE14-UK-FranchiseC-Y;DEP01;SERVICE14;2025-11-25 23:47:28.460109+00;2025-11-25 23:47:28.460109+00;UK;Franchise C;Y;Y;Y;AREA01;ACTUALS
SERVICE14-UK-FranchiseC-D;DEP01;SERVICE14;2025-11-25 23:47:28.460109+00;2025-11-25 23:47:28.460109+00;UK;Franchise C;D;Y;Y;AREA01;ACTUALS
SERVICE14-UK-FranchiseC-E;DEP01;SERVICE14;2025-11-25 23:47:28.460109+00;2025-11-25 23:47:28.460109+00;UK;Franchise C;E;Y;Y;AREA01;ACTUALS
SERVICE14-UK-FranchiseC-I;DEP01;SERVICE14;2025-11-25 23:47:28.460109+00;2025-11-25 23:47:28.460109+00;UK;Franchise C;I;N;N;AREA01;ACTUALS
SERVICE14-UK-FranchiseC-J;DEP01;SERVICE14;2025-11-25 23:47:28.460109+00;2025-11-25 23:47:28.460109+00;UK;Franchise C;J;N;N;AREA01;ACTUALS
SERVICE14-UK-FranchiseC-O;DEP01;SERVICE14;2025-11-25 23:47:28.460109+00;2025-11-25 23:47:28.460109+00;UK;Franchise C;O;N;N;AREA01;ACTUALS
SERVICE14-INDIA-FranchiseC-Y;DEP01;SERVICE14;2025-11-25 23:47:28.460109+00;2025-11-25 23:47:28.460109+00;INDIA;Franchise C;Y;Y;Y;AREA01;ACTUALS
SERVICE14-INDIA-FranchiseC-D;DEP01;SERVICE14;2025-11-25 23:47:28.460109+00;2025-11-25 23:47:28.460109+00;INDIA;Franchise C;D;Y;Y;AREA01;ACTUALS
SERVICE14-INDIA-FranchiseC-E;DEP01;SERVICE14;2025-11-25 23:47:28.460109+00;2025-11-25 23:47:28.460109+00;INDIA;Franchise C;E;Y;Y;AREA01;ACTUALS
SERVICE22-UK-FranchiseA-B;DEP02;SERVICE22;2025-11-15 11:32:52.265031+00;2025-11-25 22:10:03.004065+00;UK;Franchise A;B;Y;Y;AREA01;ACTUALS
SERVICE22-INDIA-FranchiseA-A;DEP02;SERVICE22;2025-11-15 11:32:52.265031+00;2025-11-25 22:10:03.004065+00;INDIA;Franchise A;A;Y;Y;AREA01;ACTUALS
SERVICE22-INDIA-FranchiseA-B;DEP02;SERVICE22;2025-11-15 11:32:52.265031+00;2025-11-25 22:10:03.004065+00;INDIA;Franchise A;B;Y;Y;AREA01;ACTUALS
SERVICE22-UK-FranchiseB-A;DEP02;SERVICE22;2025-11-15 11:32:52.265031+00;2025-11-25 22:10:03.004065+00;UK;Franchise B;A;Y;Y;AREA01;ACTUALS
SERVICE11-UK-FranchiseC-I;DEP01;SERVICE11;2025-11-15 11:24:46.60307+00;2025-11-25 22:10:03.004065+00;UK;Franchise C;I;N;N;AREA01;ACTUALS
SERVICE11-UK-FranchiseC-J;DEP01;SERVICE11;2025-11-15 11:24:46.60307+00;2025-11-25 22:10:03.004065+00;UK;Franchise C;J;N;N;AREA01;ACTUALS
SERVICE11-UK-FranchiseC-O;DEP01;SERVICE11;2025-11-15 11:24:46.60307+00;2025-11-25 22:10:03.004065+00;UK;Franchise C;O;N;N;AREA01;ACTUALS
SERVICE11-INDIA-FranchiseC-Y;DEP01;SERVICE11;2025-11-15 11:24:46.60307+00;2025-11-25 22:10:03.004065+00;INDIA;Franchise C;Y;Y;Y;AREA01;ACTUALS
SERVICE11-INDIA-FranchiseC-D;DEP01;SERVICE11;2025-11-15 11:24:46.60307+00;2025-11-25 22:10:03.004065+00;INDIA;Franchise C;D;Y;Y;AREA01;ACTUALS
SERVICE11-INDIA-FranchiseC-E;DEP01;SERVICE11;2025-11-15 11:24:46.60307+00;2025-11-25 22:10:03.004065+00;INDIA;Franchise C;E;Y;Y;AREA01;ACTUALS
SERVICE11-INDIA-FranchiseC-I;DEP01;SERVICE11;2025-11-15 11:24:46.60307+00;2025-11-25 22:10:03.004065+00;INDIA;Franchise C;I;N;N;AREA01;ACTUALS
SERVICE11-INDIA-FranchiseC-J;DEP01;SERVICE11;2025-11-15 11:24:46.60307+00;2025-11-25 22:10:03.004065+00;INDIA;Franchise C;J;N;N;AREA01;ACTUALS
SERVICE11-INDIA-FranchiseC-O;DEP01;SERVICE11;2025-11-15 11:24:46.60307+00;2025-11-25 22:10:03.004065+00;INDIA;Franchise C;O;N;N;AREA01;ACTUALS
SERVICE01-UK-FranchiseD-C;DEP01;SERVICE01;2025-11-15 11:24:46.60307+00;2025-11-25 22:10:03.004065+00;UK;Franchise D;C;Y;Y;AREA01;ACTUALS
SERVICE01-UK-FranchiseD-V;DEP01;SERVICE01;2025-11-15 11:24:46.60307+00;2025-11-25 22:10:03.004065+00;UK;Franchise D;V;Y;Y;AREA01;ACTUALS
SERVICE01-UK-FranchiseD-N;DEP01;SERVICE01;2025-11-15 11:24:46.60307+00;2025-11-25 22:10:03.004065+00;UK;Franchise D;N;Y;Y;AREA01;ACTUALS
SERVICE01-UK-FranchiseD-M;DEP01;SERVICE01;2025-11-15 11:24:46.60307+00;2025-11-25 22:10:03.004065+00;UK;Franchise D;M;Y;Y;AREA01;ACTUALS
SERVICE01-UK-FranchiseD-F;DEP01;SERVICE01;2025-11-15 11:24:46.60307+00;2025-11-25 22:10:03.004065+00;UK;Franchise D;F;N;N;AREA01;ACTUALS
SERVICE01-UK-FranchiseD-G;DEP01;SERVICE01;2025-11-15 11:24:46.60307+00;2025-11-25 22:10:03.004065+00;UK;Franchise D;G;N;N;AREA01;ACTUALS
SERVICE01-UK-FranchiseD-H;DEP01;SERVICE01;2025-11-15 11:24:46.60307+00;2025-11-25 22:10:03.004065+00;UK;Franchise D;H;N;N;AREA01;ACTUALS
SERVICE02-UK-FranchiseD-C;DEP02;SERVICE02;2025-11-15 11:32:52.265031+00;2025-11-25 22:10:03.004065+00;UK;Franchise D;C;Y;Y;AREA01;ACTUALS
SERVICE14-INDIA-FranchiseC-I;DEP01;SERVICE14;2025-11-25 23:47:28.460109+00;2025-11-25 23:47:28.460109+00;INDIA;Franchise C;I;N;N;AREA01;ACTUALS
SERVICE14-INDIA-FranchiseC-J;DEP01;SERVICE14;2025-11-25 23:47:28.460109+00;2025-11-25 23:47:28.460109+00;INDIA;Franchise C;J;N;N;AREA01;ACTUALS
SERVICE02-UK-FranchiseD-V;DEP02;SERVICE02;2025-11-15 11:32:52.265031+00;2025-11-25 22:10:03.004065+00;UK;Franchise D;V;Y;Y;AREA01;ACTUALS
SERVICE02-UK-FranchiseD-N;DEP02;SERVICE02;2025-11-15 11:32:52.265031+00;2025-11-25 22:10:03.004065+00;UK;Franchise D;N;Y;Y;AREA01;ACTUALS
SERVICE02-UK-FranchiseD-M;DEP02;SERVICE02;2025-11-15 11:32:52.265031+00;2025-11-25 22:10:03.004065+00;UK;Franchise D;M;Y;Y;AREA01;ACTUALS
SERVICE02-UK-FranchiseD-F;DEP02;SERVICE02;2025-11-15 11:32:52.265031+00;2025-11-25 22:10:03.004065+00;UK;Franchise D;F;N;N;AREA01;ACTUALS
SERVICE02-UK-FranchiseD-G;DEP02;SERVICE02;2025-11-15 11:32:52.265031+00;2025-11-25 22:10:03.004065+00;UK;Franchise D;G;N;N;AREA01;ACTUALS
SERVICE02-UK-FranchiseD-H;DEP02;SERVICE02;2025-11-15 11:32:52.265031+00;2025-11-25 22:10:03.004065+00;UK;Franchise D;H;N;N;AREA01;ACTUALS
SERVICE02-INDIA-FranchiseD-C;DEP02;SERVICE02;2025-11-15 11:32:52.265031+00;2025-11-25 22:10:03.004065+00;INDIA;Franchise D;C;Y;Y;AREA01;ACTUALS
SERVICE02-INDIA-FranchiseD-V;DEP02;SERVICE02;2025-11-15 11:32:52.265031+00;2025-11-25 22:10:03.004065+00;INDIA;Franchise D;V;Y;Y;AREA01;ACTUALS
SERVICE02-INDIA-FranchiseD-N;DEP02;SERVICE02;2025-11-15 11:32:52.265031+00;2025-11-25 22:10:03.004065+00;INDIA;Franchise D;N;Y;Y;AREA01;ACTUALS
SERVICE02-INDIA-FranchiseD-M;DEP02;SERVICE02;2025-11-15 11:32:52.265031+00;2025-11-25 22:10:03.004065+00;INDIA;Franchise D;M;Y;Y;AREA01;ACTUALS
SERVICE02-INDIA-FranchiseD-F;DEP02;SERVICE02;2025-11-15 11:32:52.265031+00;2025-11-25 22:10:03.004065+00;INDIA;Franchise D;F;N;N;AREA01;ACTUALS
SERVICE02-INDIA-FranchiseD-G;DEP02;SERVICE02;2025-11-15 11:32:52.265031+00;2025-11-25 22:10:03.004065+00;INDIA;Franchise D;G;N;N;AREA01;ACTUALS
SERVICE02-INDIA-FranchiseD-H;DEP02;SERVICE02;2025-11-15 11:32:52.265031+00;2025-11-25 22:10:03.004065+00;INDIA;Franchise D;H;N;N;AREA01;ACTUALS
SERVICE22-UK-FranchiseD-C;DEP02;SERVICE22;2025-11-15 11:32:52.265031+00;2025-11-25 22:10:03.004065+00;UK;Franchise D;C;Y;Y;AREA01;ACTUALS
SERVICE22-UK-FranchiseD-V;DEP02;SERVICE22;2025-11-15 11:32:52.265031+00;2025-11-25 22:10:03.004065+00;UK;Franchise D;V;Y;Y;AREA01;ACTUALS
SERVICE22-UK-FranchiseD-N;DEP02;SERVICE22;2025-11-15 11:32:52.265031+00;2025-11-25 22:10:03.004065+00;UK;Franchise D;N;Y;Y;AREA01;ACTUALS
SERVICE22-UK-FranchiseD-M;DEP02;SERVICE22;2025-11-15 11:32:52.265031+00;2025-11-25 22:10:03.004065+00;UK;Franchise D;M;Y;Y;AREA01;ACTUALS
SERVICE22-UK-FranchiseD-F;DEP02;SERVICE22;2025-11-15 11:32:52.265031+00;2025-11-25 22:10:03.004065+00;UK;Franchise D;F;N;N;AREA01;ACTUALS
SERVICE22-UK-FranchiseD-G;DEP02;SERVICE22;2025-11-15 11:32:52.265031+00;2025-11-25 22:10:03.004065+00;UK;Franchise D;G;N;N;AREA01;ACTUALS
SERVICE22-UK-FranchiseD-H;DEP02;SERVICE22;2025-11-15 11:32:52.265031+00;2025-11-25 22:10:03.004065+00;UK;Franchise D;H;N;N;AREA01;ACTUALS
SERVICE22-INDIA-FranchiseD-C;DEP02;SERVICE22;2025-11-15 11:32:52.265031+00;2025-11-25 22:10:03.004065+00;INDIA;Franchise D;C;Y;Y;AREA01;ACTUALS
SERVICE22-INDIA-FranchiseD-V;DEP02;SERVICE22;2025-11-15 11:32:52.265031+00;2025-11-25 22:10:03.004065+00;INDIA;Franchise D;V;Y;Y;AREA01;ACTUALS
SERVICE22-INDIA-FranchiseD-N;DEP02;SERVICE22;2025-11-15 11:32:52.265031+00;2025-11-25 22:10:03.004065+00;INDIA;Franchise D;N;Y;Y;AREA01;ACTUALS
SERVICE14-INDIA-FranchiseC-O;DEP01;SERVICE14;2025-11-25 23:47:28.460109+00;2025-11-25 23:47:28.460109+00;INDIA;Franchise C;O;N;N;AREA01;ACTUALS
SERVICE12-INDIA-FranchiseC-O;DEP01;SERVICE12;2025-11-25 23:47:28.460109+00;2025-11-25 23:47:28.460109+00;INDIA;Franchise C;O;N;N;AREA01;ACTUALS
SERVICE22-INDIA-FranchiseD-M;DEP02;SERVICE22;2025-11-15 11:32:52.265031+00;2025-11-25 22:10:03.004065+00;INDIA;Franchise D;M;Y;Y;AREA01;ACTUALS
SERVICE22-INDIA-FranchiseD-F;DEP02;SERVICE22;2025-11-15 11:32:52.265031+00;2025-11-25 22:10:03.004065+00;INDIA;Franchise D;F;N;N;AREA01;ACTUALS
SERVICE22-INDIA-FranchiseD-G;DEP02;SERVICE22;2025-11-15 11:32:52.265031+00;2025-11-25 22:10:03.004065+00;INDIA;Franchise D;G;N;N;AREA01;ACTUALS
SERVICE22-INDIA-FranchiseD-H;DEP02;SERVICE22;2025-11-15 11:32:52.265031+00;2025-11-25 22:10:03.004065+00;INDIA;Franchise D;H;N;N;AREA01;ACTUALS
SERVICE03-INDIA-FranchiseD-C;DEP03;SERVICE03;2025-11-15 11:32:52.265031+00;2025-11-25 22:10:03.004065+00;INDIA;Franchise D;C;Y;Y;AREA01;ACTUALS
SERVICE03-INDIA-FranchiseD-V;DEP03;SERVICE03;2025-11-15 11:32:52.265031+00;2025-11-25 22:10:03.004065+00;INDIA;Franchise D;V;Y;Y;AREA01;ACTUALS
SERVICE03-INDIA-FranchiseD-N;DEP03;SERVICE03;2025-11-15 11:32:52.265031+00;2025-11-25 22:10:03.004065+00;INDIA;Franchise D;N;Y;Y;AREA01;ACTUALS
SERVICE03-INDIA-FranchiseD-M;DEP03;SERVICE03;2025-11-15 11:32:52.265031+00;2025-11-25 22:10:03.004065+00;INDIA;Franchise D;M;Y;Y;AREA01;ACTUALS
SERVICE03-INDIA-FranchiseD-F;DEP03;SERVICE03;2025-11-15 11:32:52.265031+00;2025-11-25 22:10:03.004065+00;INDIA;Franchise D;F;N;N;AREA01;ACTUALS
SERVICE03-INDIA-FranchiseD-G;DEP03;SERVICE03;2025-11-15 11:32:52.265031+00;2025-11-25 22:10:03.004065+00;INDIA;Franchise D;G;N;N;AREA01;ACTUALS
SERVICE03-INDIA-FranchiseD-H;DEP03;SERVICE03;2025-11-15 11:32:52.265031+00;2025-11-25 22:10:03.004065+00;INDIA;Franchise D;H;N;N;AREA01;ACTUALS
SERVICE33-UK-FranchiseD-C;DEP03;SERVICE33;2025-11-15 11:32:52.265031+00;2025-11-25 22:10:03.004065+00;UK;Franchise D;C;Y;Y;AREA01;ACTUALS
SERVICE33-UK-FranchiseD-V;DEP03;SERVICE33;2025-11-15 11:32:52.265031+00;2025-11-25 22:10:03.004065+00;UK;Franchise D;V;Y;Y;AREA01;ACTUALS
SERVICE33-UK-FranchiseD-N;DEP03;SERVICE33;2025-11-15 11:32:52.265031+00;2025-11-25 22:10:03.004065+00;UK;Franchise D;N;Y;Y;AREA01;ACTUALS
SERVICE33-UK-FranchiseD-M;DEP03;SERVICE33;2025-11-15 11:32:52.265031+00;2025-11-25 22:10:03.004065+00;UK;Franchise D;M;Y;Y;AREA01;ACTUALS
SERVICE33-UK-FranchiseD-F;DEP03;SERVICE33;2025-11-15 11:32:52.265031+00;2025-11-25 22:10:03.004065+00;UK;Franchise D;F;N;N;AREA01;ACTUALS
SERVICE33-UK-FranchiseD-G;DEP03;SERVICE33;2025-11-15 11:32:52.265031+00;2025-11-25 22:10:03.004065+00;UK;Franchise D;G;N;N;AREA01;ACTUALS
SERVICE33-UK-FranchiseD-H;DEP03;SERVICE33;2025-11-15 11:32:52.265031+00;2025-11-25 22:10:03.004065+00;UK;Franchise D;H;N;N;AREA01;ACTUALS
SERVICE33-INDIA-FranchiseD-C;DEP03;SERVICE33;2025-11-15 11:32:52.265031+00;2025-11-25 22:10:03.004065+00;INDIA;Franchise D;C;Y;Y;AREA01;ACTUALS
SERVICE33-INDIA-FranchiseD-V;DEP03;SERVICE33;2025-11-15 11:32:52.265031+00;2025-11-25 22:10:03.004065+00;INDIA;Franchise D;V;Y;Y;AREA01;ACTUALS
SERVICE33-INDIA-FranchiseD-N;DEP03;SERVICE33;2025-11-15 11:32:52.265031+00;2025-11-25 22:10:03.004065+00;INDIA;Franchise D;N;Y;Y;AREA01;ACTUALS
SERVICE33-INDIA-FranchiseD-M;DEP03;SERVICE33;2025-11-15 11:32:52.265031+00;2025-11-25 22:10:03.004065+00;INDIA;Franchise D;M;Y;Y;AREA01;ACTUALS
SERVICE33-INDIA-FranchiseD-F;DEP03;SERVICE33;2025-11-15 11:32:52.265031+00;2025-11-25 22:10:03.004065+00;INDIA;Franchise D;F;N;N;AREA01;ACTUALS
SERVICE33-INDIA-FranchiseD-G;DEP03;SERVICE33;2025-11-15 11:32:52.265031+00;2025-11-25 22:10:03.004065+00;INDIA;Franchise D;G;N;N;AREA01;ACTUALS
SERVICE33-INDIA-FranchiseD-H;DEP03;SERVICE33;2025-11-15 11:32:52.265031+00;2025-11-25 22:10:03.004065+00;INDIA;Franchise D;H;N;N;AREA01;ACTUALS
SERVICE03-UK-FranchiseD-C;DEP03;SERVICE03;2025-11-15 11:32:52.265031+00;2025-11-25 22:10:03.004065+00;UK;Franchise D;C;Y;Y;AREA01;ACTUALS
SERVICE03-UK-FranchiseD-V;DEP03;SERVICE03;2025-11-15 11:32:52.265031+00;2025-11-25 22:10:03.004065+00;UK;Franchise D;V;Y;Y;AREA01;ACTUALS
SERVICE03-UK-FranchiseD-N;DEP03;SERVICE03;2025-11-15 11:32:52.265031+00;2025-11-25 22:10:03.004065+00;UK;Franchise D;N;Y;Y;AREA01;ACTUALS
SERVICE03-UK-FranchiseD-M;DEP03;SERVICE03;2025-11-15 11:32:52.265031+00;2025-11-25 22:10:03.004065+00;UK;Franchise D;M;Y;Y;AREA01;ACTUALS
SERVICE03-UK-FranchiseD-F;DEP03;SERVICE03;2025-11-15 11:32:52.265031+00;2025-11-25 22:10:03.004065+00;UK;Franchise D;F;N;N;AREA01;ACTUALS
SERVICE03-UK-FranchiseD-G;DEP03;SERVICE03;2025-11-15 11:32:52.265031+00;2025-11-25 22:10:03.004065+00;UK;Franchise D;G;N;N;AREA01;ACTUALS
SERVICE03-UK-FranchiseD-H;DEP03;SERVICE03;2025-11-15 11:32:52.265031+00;2025-11-25 22:10:03.004065+00;UK;Franchise D;H;N;N;AREA01;ACTUALS
SERVICE04-INDIA-FranchiseD-C;DEP04;SERVICE04;2025-11-15 11:32:52.265031+00;2025-11-25 22:10:03.004065+00;INDIA;Franchise D;C;Y;Y;AREA01;ACTUALS
SERVICE04-INDIA-FranchiseD-V;DEP04;SERVICE04;2025-11-15 11:32:52.265031+00;2025-11-25 22:10:03.004065+00;INDIA;Franchise D;V;Y;Y;AREA01;ACTUALS
SERVICE04-INDIA-FranchiseD-N;DEP04;SERVICE04;2025-11-15 11:32:52.265031+00;2025-11-25 22:10:03.004065+00;INDIA;Franchise D;N;Y;Y;AREA01;ACTUALS
SERVICE04-INDIA-FranchiseD-M;DEP04;SERVICE04;2025-11-15 11:32:52.265031+00;2025-11-25 22:10:03.004065+00;INDIA;Franchise D;M;Y;Y;AREA01;ACTUALS
SERVICE04-INDIA-FranchiseD-F;DEP04;SERVICE04;2025-11-15 11:32:52.265031+00;2025-11-25 22:10:03.004065+00;INDIA;Franchise D;F;N;N;AREA01;ACTUALS
SERVICE04-INDIA-FranchiseD-G;DEP04;SERVICE04;2025-11-15 11:32:52.265031+00;2025-11-25 22:10:03.004065+00;INDIA;Franchise D;G;N;N;AREA01;ACTUALS
SERVICE04-INDIA-FranchiseD-H;DEP04;SERVICE04;2025-11-15 11:32:52.265031+00;2025-11-25 22:10:03.004065+00;INDIA;Franchise D;H;N;N;AREA01;ACTUALS
SERVICE44-UK-FranchiseD-C;DEP04;SERVICE44;2025-11-15 11:32:52.265031+00;2025-11-25 22:10:03.004065+00;UK;Franchise D;C;Y;Y;AREA01;ACTUALS
SERVICE44-UK-FranchiseD-V;DEP04;SERVICE44;2025-11-15 11:32:52.265031+00;2025-11-25 22:10:03.004065+00;UK;Franchise D;V;Y;Y;AREA01;ACTUALS
SERVICE44-UK-FranchiseD-N;DEP04;SERVICE44;2025-11-15 11:32:52.265031+00;2025-11-25 22:10:03.004065+00;UK;Franchise D;N;Y;Y;AREA01;ACTUALS
SERVICE44-UK-FranchiseD-M;DEP04;SERVICE44;2025-11-15 11:32:52.265031+00;2025-11-25 22:10:03.004065+00;UK;Franchise D;M;Y;Y;AREA01;ACTUALS
SERVICE44-UK-FranchiseD-F;DEP04;SERVICE44;2025-11-15 11:32:52.265031+00;2025-11-25 22:10:03.004065+00;UK;Franchise D;F;N;N;AREA01;ACTUALS
SERVICE44-UK-FranchiseD-G;DEP04;SERVICE44;2025-11-15 11:32:52.265031+00;2025-11-25 22:10:03.004065+00;UK;Franchise D;G;N;N;AREA01;ACTUALS
SERVICE44-UK-FranchiseD-H;DEP04;SERVICE44;2025-11-15 11:32:52.265031+00;2025-11-25 22:10:03.004065+00;UK;Franchise D;H;N;N;AREA01;ACTUALS
SERVICE44-INDIA-FranchiseD-C;DEP04;SERVICE44;2025-11-15 11:32:52.265031+00;2025-11-25 22:10:03.004065+00;INDIA;Franchise D;C;Y;Y;AREA01;ACTUALS
SERVICE44-INDIA-FranchiseD-V;DEP04;SERVICE44;2025-11-15 11:32:52.265031+00;2025-11-25 22:10:03.004065+00;INDIA;Franchise D;V;Y;Y;AREA01;ACTUALS
SERVICE44-INDIA-FranchiseD-N;DEP04;SERVICE44;2025-11-15 11:32:52.265031+00;2025-11-25 22:10:03.004065+00;INDIA;Franchise D;N;Y;Y;AREA01;ACTUALS
SERVICE44-INDIA-FranchiseD-M;DEP04;SERVICE44;2025-11-15 11:32:52.265031+00;2025-11-25 22:10:03.004065+00;INDIA;Franchise D;M;Y;Y;AREA01;ACTUALS
SERVICE44-INDIA-FranchiseD-F;DEP04;SERVICE44;2025-11-15 11:32:52.265031+00;2025-11-25 22:10:03.004065+00;INDIA;Franchise D;F;N;N;AREA01;ACTUALS
SERVICE44-INDIA-FranchiseD-G;DEP04;SERVICE44;2025-11-15 11:32:52.265031+00;2025-11-25 22:10:03.004065+00;INDIA;Franchise D;G;N;N;AREA01;ACTUALS
SERVICE44-INDIA-FranchiseD-H;DEP04;SERVICE44;2025-11-15 11:32:52.265031+00;2025-11-25 22:10:03.004065+00;INDIA;Franchise D;H;N;N;AREA01;ACTUALS
SERVICE04-UK-FranchiseD-C;DEP04;SERVICE04;2025-11-15 11:32:52.265031+00;2025-11-25 22:10:03.004065+00;UK;Franchise D;C;Y;Y;AREA01;ACTUALS
SERVICE04-UK-FranchiseD-V;DEP04;SERVICE04;2025-11-15 11:32:52.265031+00;2025-11-25 22:10:03.004065+00;UK;Franchise D;V;Y;Y;AREA01;ACTUALS
SERVICE04-UK-FranchiseD-N;DEP04;SERVICE04;2025-11-15 11:32:52.265031+00;2025-11-25 22:10:03.004065+00;UK;Franchise D;N;Y;Y;AREA01;ACTUALS
SERVICE04-UK-FranchiseD-M;DEP04;SERVICE04;2025-11-15 11:32:52.265031+00;2025-11-25 22:10:03.004065+00;UK;Franchise D;M;Y;Y;AREA01;ACTUALS
SERVICE04-UK-FranchiseD-F;DEP04;SERVICE04;2025-11-15 11:32:52.265031+00;2025-11-25 22:10:03.004065+00;UK;Franchise D;F;N;N;AREA01;ACTUALS
SERVICE04-UK-FranchiseD-G;DEP04;SERVICE04;2025-11-15 11:32:52.265031+00;2025-11-25 22:10:03.004065+00;UK;Franchise D;G;N;N;AREA01;ACTUALS
SERVICE04-UK-FranchiseD-H;DEP04;SERVICE04;2025-11-15 11:32:52.265031+00;2025-11-25 22:10:03.004065+00;UK;Franchise D;H;N;N;AREA01;ACTUALS
SERVICE11-UK-FranchiseD-C;DEP01;SERVICE11;2025-11-15 11:24:46.60307+00;2025-11-25 22:10:03.004065+00;UK;Franchise D;C;Y;Y;AREA01;ACTUALS
SERVICE11-UK-FranchiseD-V;DEP01;SERVICE11;2025-11-15 11:24:46.60307+00;2025-11-25 22:10:03.004065+00;UK;Franchise D;V;Y;Y;AREA01;ACTUALS
SERVICE11-UK-FranchiseD-N;DEP01;SERVICE11;2025-11-15 11:24:46.60307+00;2025-11-25 22:10:03.004065+00;UK;Franchise D;N;Y;Y;AREA01;ACTUALS
SERVICE11-UK-FranchiseD-M;DEP01;SERVICE11;2025-11-15 11:24:46.60307+00;2025-11-25 22:10:03.004065+00;UK;Franchise D;M;Y;Y;AREA01;ACTUALS
SERVICE11-UK-FranchiseD-F;DEP01;SERVICE11;2025-11-15 11:24:46.60307+00;2025-11-25 22:10:03.004065+00;UK;Franchise D;F;N;N;AREA01;ACTUALS
SERVICE11-UK-FranchiseD-G;DEP01;SERVICE11;2025-11-15 11:24:46.60307+00;2025-11-25 22:10:03.004065+00;UK;Franchise D;G;N;N;AREA01;ACTUALS
SERVICE11-UK-FranchiseD-H;DEP01;SERVICE11;2025-11-15 11:24:46.60307+00;2025-11-25 22:10:03.004065+00;UK;Franchise D;H;N;N;AREA01;ACTUALS
SERVICE11-INDIA-FranchiseD-C;DEP01;SERVICE11;2025-11-15 11:24:46.60307+00;2025-11-25 22:10:03.004065+00;INDIA;Franchise D;C;Y;Y;AREA01;ACTUALS
SERVICE11-INDIA-FranchiseD-V;DEP01;SERVICE11;2025-11-15 11:24:46.60307+00;2025-11-25 22:10:03.004065+00;INDIA;Franchise D;V;Y;Y;AREA01;ACTUALS
SERVICE11-INDIA-FranchiseD-N;DEP01;SERVICE11;2025-11-15 11:24:46.60307+00;2025-11-25 22:10:03.004065+00;INDIA;Franchise D;N;Y;Y;AREA01;ACTUALS
SERVICE11-INDIA-FranchiseD-M;DEP01;SERVICE11;2025-11-15 11:24:46.60307+00;2025-11-25 22:10:03.004065+00;INDIA;Franchise D;M;Y;Y;AREA01;ACTUALS
SERVICE11-INDIA-FranchiseD-F;DEP01;SERVICE11;2025-11-15 11:24:46.60307+00;2025-11-25 22:10:03.004065+00;INDIA;Franchise D;F;N;N;AREA01;ACTUALS
SERVICE11-INDIA-FranchiseD-G;DEP01;SERVICE11;2025-11-15 11:24:46.60307+00;2025-11-25 22:10:03.004065+00;INDIA;Franchise D;G;N;N;AREA01;ACTUALS
SERVICE11-INDIA-FranchiseD-H;DEP01;SERVICE11;2025-11-15 11:24:46.60307+00;2025-11-25 22:10:03.004065+00;INDIA;Franchise D;H;N;N;AREA01;ACTUALS
SERVICE01-UK-FranchiseE-K;DEP01;SERVICE01;2025-11-15 11:24:46.60307+00;2025-11-25 22:10:03.004065+00;UK;Franchise E;K;Y;Y;AREA01;ACTUALS
SERVICE01-UK-FranchiseE-L;DEP01;SERVICE01;2025-11-15 11:24:46.60307+00;2025-11-25 22:10:03.004065+00;UK;Franchise E;L;Y;Y;AREA01;ACTUALS
SERVICE01-UK-FranchiseE-P;DEP01;SERVICE01;2025-11-15 11:24:46.60307+00;2025-11-25 22:10:03.004065+00;UK;Franchise E;P;N;N;AREA01;ACTUALS
SERVICE01-UK-FranchiseE-R;DEP01;SERVICE01;2025-11-15 11:24:46.60307+00;2025-11-25 22:10:03.004065+00;UK;Franchise E;R;N;N;AREA01;ACTUALS
SERVICE01-UK-FranchiseE-S;DEP01;SERVICE01;2025-11-15 11:24:46.60307+00;2025-11-25 22:10:03.004065+00;UK;Franchise E;S;N;N;AREA01;ACTUALS
SERVICE22-INDIA-FranchiseE-L;DEP02;SERVICE22;2025-11-15 11:32:52.265031+00;2025-11-25 22:10:03.004065+00;INDIA;Franchise E;L;Y;Y;AREA01;ACTUALS
SERVICE22-INDIA-FranchiseE-P;DEP02;SERVICE22;2025-11-15 11:32:52.265031+00;2025-11-25 22:10:03.004065+00;INDIA;Franchise E;P;N;N;AREA01;ACTUALS
SERVICE22-INDIA-FranchiseE-R;DEP02;SERVICE22;2025-11-15 11:32:52.265031+00;2025-11-25 22:10:03.004065+00;INDIA;Franchise E;R;N;N;AREA01;ACTUALS
SERVICE02-UK-FranchiseE-K;DEP02;SERVICE02;2025-11-15 11:32:52.265031+00;2025-11-25 22:10:03.004065+00;UK;Franchise E;K;Y;Y;AREA01;ACTUALS
SERVICE02-UK-FranchiseE-L;DEP02;SERVICE02;2025-11-15 11:32:52.265031+00;2025-11-25 22:10:03.004065+00;UK;Franchise E;L;Y;Y;AREA01;ACTUALS
SERVICE02-UK-FranchiseE-P;DEP02;SERVICE02;2025-11-15 11:32:52.265031+00;2025-11-25 22:10:03.004065+00;UK;Franchise E;P;N;N;AREA01;ACTUALS
SERVICE02-UK-FranchiseE-R;DEP02;SERVICE02;2025-11-15 11:32:52.265031+00;2025-11-25 22:10:03.004065+00;UK;Franchise E;R;N;N;AREA01;ACTUALS
SERVICE02-UK-FranchiseE-S;DEP02;SERVICE02;2025-11-15 11:32:52.265031+00;2025-11-25 22:10:03.004065+00;UK;Franchise E;S;N;N;AREA01;ACTUALS
SERVICE02-INDIA-FranchiseE-K;DEP02;SERVICE02;2025-11-15 11:32:52.265031+00;2025-11-25 22:10:03.004065+00;INDIA;Franchise E;K;Y;Y;AREA01;ACTUALS
SERVICE02-INDIA-FranchiseE-L;DEP02;SERVICE02;2025-11-15 11:32:52.265031+00;2025-11-25 22:10:03.004065+00;INDIA;Franchise E;L;Y;Y;AREA01;ACTUALS
SERVICE02-INDIA-FranchiseE-P;DEP02;SERVICE02;2025-11-15 11:32:52.265031+00;2025-11-25 22:10:03.004065+00;INDIA;Franchise E;P;N;N;AREA01;ACTUALS
SERVICE02-INDIA-FranchiseE-R;DEP02;SERVICE02;2025-11-15 11:32:52.265031+00;2025-11-25 22:10:03.004065+00;INDIA;Franchise E;R;N;N;AREA01;ACTUALS
SERVICE02-INDIA-FranchiseE-S;DEP02;SERVICE02;2025-11-15 11:32:52.265031+00;2025-11-25 22:10:03.004065+00;INDIA;Franchise E;S;N;N;AREA01;ACTUALS
SERVICE22-UK-FranchiseE-K;DEP02;SERVICE22;2025-11-15 11:32:52.265031+00;2025-11-25 22:10:03.004065+00;UK;Franchise E;K;Y;Y;AREA01;ACTUALS
SERVICE22-UK-FranchiseE-L;DEP02;SERVICE22;2025-11-15 11:32:52.265031+00;2025-11-25 22:10:03.004065+00;UK;Franchise E;L;Y;Y;AREA01;ACTUALS
SERVICE22-UK-FranchiseE-P;DEP02;SERVICE22;2025-11-15 11:32:52.265031+00;2025-11-25 22:10:03.004065+00;UK;Franchise E;P;N;N;AREA01;ACTUALS
SERVICE22-UK-FranchiseE-R;DEP02;SERVICE22;2025-11-15 11:32:52.265031+00;2025-11-25 22:10:03.004065+00;UK;Franchise E;R;N;N;AREA01;ACTUALS
SERVICE22-UK-FranchiseE-S;DEP02;SERVICE22;2025-11-15 11:32:52.265031+00;2025-11-25 22:10:03.004065+00;UK;Franchise E;S;N;N;AREA01;ACTUALS
SERVICE22-INDIA-FranchiseE-K;DEP02;SERVICE22;2025-11-15 11:32:52.265031+00;2025-11-25 22:10:03.004065+00;INDIA;Franchise E;K;Y;Y;AREA01;ACTUALS
SERVICE22-INDIA-FranchiseE-S;DEP02;SERVICE22;2025-11-15 11:32:52.265031+00;2025-11-25 22:10:03.004065+00;INDIA;Franchise E;S;N;N;AREA01;ACTUALS
SERVICE03-INDIA-FranchiseE-K;DEP03;SERVICE03;2025-11-15 11:32:52.265031+00;2025-11-25 22:10:03.004065+00;INDIA;Franchise E;K;Y;Y;AREA01;ACTUALS
SERVICE03-INDIA-FranchiseE-L;DEP03;SERVICE03;2025-11-15 11:32:52.265031+00;2025-11-25 22:10:03.004065+00;INDIA;Franchise E;L;Y;Y;AREA01;ACTUALS
SERVICE03-INDIA-FranchiseE-P;DEP03;SERVICE03;2025-11-15 11:32:52.265031+00;2025-11-25 22:10:03.004065+00;INDIA;Franchise E;P;N;N;AREA01;ACTUALS
SERVICE03-INDIA-FranchiseE-R;DEP03;SERVICE03;2025-11-15 11:32:52.265031+00;2025-11-25 22:10:03.004065+00;INDIA;Franchise E;R;N;N;AREA01;ACTUALS
SERVICE03-INDIA-FranchiseE-S;DEP03;SERVICE03;2025-11-15 11:32:52.265031+00;2025-11-25 22:10:03.004065+00;INDIA;Franchise E;S;N;N;AREA01;ACTUALS
SERVICE33-UK-FranchiseE-K;DEP03;SERVICE33;2025-11-15 11:32:52.265031+00;2025-11-25 22:10:03.004065+00;UK;Franchise E;K;Y;Y;AREA01;ACTUALS
SERVICE33-UK-FranchiseE-L;DEP03;SERVICE33;2025-11-15 11:32:52.265031+00;2025-11-25 22:10:03.004065+00;UK;Franchise E;L;Y;Y;AREA01;ACTUALS
SERVICE33-UK-FranchiseE-P;DEP03;SERVICE33;2025-11-15 11:32:52.265031+00;2025-11-25 22:10:03.004065+00;UK;Franchise E;P;N;N;AREA01;ACTUALS
SERVICE33-UK-FranchiseE-R;DEP03;SERVICE33;2025-11-15 11:32:52.265031+00;2025-11-25 22:10:03.004065+00;UK;Franchise E;R;N;N;AREA01;ACTUALS
SERVICE33-UK-FranchiseE-S;DEP03;SERVICE33;2025-11-15 11:32:52.265031+00;2025-11-25 22:10:03.004065+00;UK;Franchise E;S;N;N;AREA01;ACTUALS
SERVICE33-INDIA-FranchiseE-K;DEP03;SERVICE33;2025-11-15 11:32:52.265031+00;2025-11-25 22:10:03.004065+00;INDIA;Franchise E;K;Y;Y;AREA01;ACTUALS
SERVICE33-INDIA-FranchiseE-L;DEP03;SERVICE33;2025-11-15 11:32:52.265031+00;2025-11-25 22:10:03.004065+00;INDIA;Franchise E;L;Y;Y;AREA01;ACTUALS
SERVICE33-INDIA-FranchiseE-P;DEP03;SERVICE33;2025-11-15 11:32:52.265031+00;2025-11-25 22:10:03.004065+00;INDIA;Franchise E;P;N;N;AREA01;ACTUALS
SERVICE33-INDIA-FranchiseE-R;DEP03;SERVICE33;2025-11-15 11:32:52.265031+00;2025-11-25 22:10:03.004065+00;INDIA;Franchise E;R;N;N;AREA01;ACTUALS
SERVICE03-UK-FranchiseE-K;DEP03;SERVICE03;2025-11-15 11:32:52.265031+00;2025-11-25 22:10:03.004065+00;UK;Franchise E;K;Y;Y;AREA01;ACTUALS
SERVICE03-UK-FranchiseE-L;DEP03;SERVICE03;2025-11-15 11:32:52.265031+00;2025-11-25 22:10:03.004065+00;UK;Franchise E;L;Y;Y;AREA01;ACTUALS
SERVICE03-UK-FranchiseE-P;DEP03;SERVICE03;2025-11-15 11:32:52.265031+00;2025-11-25 22:10:03.004065+00;UK;Franchise E;P;N;N;AREA01;ACTUALS
SERVICE03-UK-FranchiseE-R;DEP03;SERVICE03;2025-11-15 11:32:52.265031+00;2025-11-25 22:10:03.004065+00;UK;Franchise E;R;N;N;AREA01;ACTUALS
SERVICE03-UK-FranchiseE-S;DEP03;SERVICE03;2025-11-15 11:32:52.265031+00;2025-11-25 22:10:03.004065+00;UK;Franchise E;S;N;N;AREA01;ACTUALS
SERVICE33-INDIA-FranchiseE-S;DEP03;SERVICE33;2025-11-15 11:32:52.265031+00;2025-11-25 22:10:03.004065+00;INDIA;Franchise E;S;N;N;AREA01;ACTUALS
SERVICE04-INDIA-FranchiseE-K;DEP04;SERVICE04;2025-11-15 11:32:52.265031+00;2025-11-25 22:10:03.004065+00;INDIA;Franchise E;K;Y;Y;AREA01;ACTUALS
SERVICE04-INDIA-FranchiseE-L;DEP04;SERVICE04;2025-11-15 11:32:52.265031+00;2025-11-25 22:10:03.004065+00;INDIA;Franchise E;L;Y;Y;AREA01;ACTUALS
SERVICE04-INDIA-FranchiseE-P;DEP04;SERVICE04;2025-11-15 11:32:52.265031+00;2025-11-25 22:10:03.004065+00;INDIA;Franchise E;P;N;N;AREA01;ACTUALS
SERVICE04-INDIA-FranchiseE-R;DEP04;SERVICE04;2025-11-15 11:32:52.265031+00;2025-11-25 22:10:03.004065+00;INDIA;Franchise E;R;N;N;AREA01;ACTUALS
SERVICE04-INDIA-FranchiseE-S;DEP04;SERVICE04;2025-11-15 11:32:52.265031+00;2025-11-25 22:10:03.004065+00;INDIA;Franchise E;S;N;N;AREA01;ACTUALS
SERVICE44-UK-FranchiseE-K;DEP04;SERVICE44;2025-11-15 11:32:52.265031+00;2025-11-25 22:10:03.004065+00;UK;Franchise E;K;Y;Y;AREA01;ACTUALS
SERVICE44-UK-FranchiseE-L;DEP04;SERVICE44;2025-11-15 11:32:52.265031+00;2025-11-25 22:10:03.004065+00;UK;Franchise E;L;Y;Y;AREA01;ACTUALS
SERVICE44-UK-FranchiseE-P;DEP04;SERVICE44;2025-11-15 11:32:52.265031+00;2025-11-25 22:10:03.004065+00;UK;Franchise E;P;N;N;AREA01;ACTUALS
SERVICE44-UK-FranchiseE-R;DEP04;SERVICE44;2025-11-15 11:32:52.265031+00;2025-11-25 22:10:03.004065+00;UK;Franchise E;R;N;N;AREA01;ACTUALS
SERVICE44-UK-FranchiseE-S;DEP04;SERVICE44;2025-11-15 11:32:52.265031+00;2025-11-25 22:10:03.004065+00;UK;Franchise E;S;N;N;AREA01;ACTUALS
SERVICE44-INDIA-FranchiseE-K;DEP04;SERVICE44;2025-11-15 11:32:52.265031+00;2025-11-25 22:10:03.004065+00;INDIA;Franchise E;K;Y;Y;AREA01;ACTUALS
SERVICE44-INDIA-FranchiseE-L;DEP04;SERVICE44;2025-11-15 11:32:52.265031+00;2025-11-25 22:10:03.004065+00;INDIA;Franchise E;L;Y;Y;AREA01;ACTUALS
SERVICE44-INDIA-FranchiseE-P;DEP04;SERVICE44;2025-11-15 11:32:52.265031+00;2025-11-25 22:10:03.004065+00;INDIA;Franchise E;P;N;N;AREA01;ACTUALS
SERVICE44-INDIA-FranchiseE-R;DEP04;SERVICE44;2025-11-15 11:32:52.265031+00;2025-11-25 22:10:03.004065+00;INDIA;Franchise E;R;N;N;AREA01;ACTUALS
SERVICE04-UK-FranchiseE-K;DEP04;SERVICE04;2025-11-15 11:32:52.265031+00;2025-11-25 22:10:03.004065+00;UK;Franchise E;K;Y;Y;AREA01;ACTUALS
SERVICE04-UK-FranchiseE-L;DEP04;SERVICE04;2025-11-15 11:32:52.265031+00;2025-11-25 22:10:03.004065+00;UK;Franchise E;L;Y;Y;AREA01;ACTUALS
SERVICE04-UK-FranchiseE-P;DEP04;SERVICE04;2025-11-15 11:32:52.265031+00;2025-11-25 22:10:03.004065+00;UK;Franchise E;P;N;N;AREA01;ACTUALS
SERVICE04-UK-FranchiseE-R;DEP04;SERVICE04;2025-11-15 11:32:52.265031+00;2025-11-25 22:10:03.004065+00;UK;Franchise E;R;N;N;AREA01;ACTUALS
SERVICE04-UK-FranchiseE-S;DEP04;SERVICE04;2025-11-15 11:32:52.265031+00;2025-11-25 22:10:03.004065+00;UK;Franchise E;S;N;N;AREA01;ACTUALS
SERVICE44-INDIA-FranchiseE-S;DEP04;SERVICE44;2025-11-15 11:32:52.265031+00;2025-11-25 22:10:03.004065+00;INDIA;Franchise E;S;N;N;AREA01;ACTUALS
SERVICE11-UK-FranchiseE-K;DEP01;SERVICE11;2025-11-15 11:24:46.60307+00;2025-11-25 22:10:03.004065+00;UK;Franchise E;K;Y;Y;AREA01;ACTUALS
SERVICE11-UK-FranchiseE-L;DEP01;SERVICE11;2025-11-15 11:24:46.60307+00;2025-11-25 22:10:03.004065+00;UK;Franchise E;L;Y;Y;AREA01;ACTUALS
SERVICE11-UK-FranchiseE-P;DEP01;SERVICE11;2025-11-15 11:24:46.60307+00;2025-11-25 22:10:03.004065+00;UK;Franchise E;P;N;N;AREA01;ACTUALS
SERVICE11-UK-FranchiseE-R;DEP01;SERVICE11;2025-11-15 11:24:46.60307+00;2025-11-25 22:10:03.004065+00;UK;Franchise E;R;N;N;AREA01;ACTUALS
SERVICE11-UK-FranchiseE-S;DEP01;SERVICE11;2025-11-15 11:24:46.60307+00;2025-11-25 22:10:03.004065+00;UK;Franchise E;S;N;N;AREA01;ACTUALS
SERVICE11-INDIA-FranchiseE-K;DEP01;SERVICE11;2025-11-15 11:24:46.60307+00;2025-11-25 22:10:03.004065+00;INDIA;Franchise E;K;Y;Y;AREA01;ACTUALS
SERVICE11-INDIA-FranchiseE-L;DEP01;SERVICE11;2025-11-15 11:24:46.60307+00;2025-11-25 22:10:03.004065+00;INDIA;Franchise E;L;Y;Y;AREA01;ACTUALS
SERVICE11-INDIA-FranchiseE-P;DEP01;SERVICE11;2025-11-15 11:24:46.60307+00;2025-11-25 22:10:03.004065+00;INDIA;Franchise E;P;N;N;AREA01;ACTUALS
SERVICE11-INDIA-FranchiseE-R;DEP01;SERVICE11;2025-11-15 11:24:46.60307+00;2025-11-25 22:10:03.004065+00;INDIA;Franchise E;R;N;N;AREA01;ACTUALS
SERVICE11-INDIA-FranchiseE-S;DEP01;SERVICE11;2025-11-15 11:24:46.60307+00;2025-11-25 22:10:03.004065+00;INDIA;Franchise E;S;N;N;AREA01;ACTUALS
SERVICE01-UK-FranchiseF-A;DEP01;SERVICE01;2025-11-15 11:24:46.60307+00;2025-11-25 22:10:03.004065+00;UK;Franchise F;A;Y;Y;AREA01;ACTUALS
SERVICE01-UK-FranchiseF-T;DEP01;SERVICE01;2025-11-15 11:24:46.60307+00;2025-11-25 22:10:03.004065+00;UK;Franchise F;T;Y;Y;AREA01;ACTUALS
SERVICE02-UK-FranchiseF-A;DEP02;SERVICE02;2025-11-15 11:32:52.265031+00;2025-11-25 22:10:03.004065+00;UK;Franchise F;A;Y;Y;AREA01;ACTUALS
SERVICE02-UK-FranchiseF-T;DEP02;SERVICE02;2025-11-15 11:32:52.265031+00;2025-11-25 22:10:03.004065+00;UK;Franchise F;T;Y;Y;AREA01;ACTUALS
SERVICE02-INDIA-FranchiseF-A;DEP02;SERVICE02;2025-11-15 11:32:52.265031+00;2025-11-25 22:10:03.004065+00;INDIA;Franchise F;A;Y;Y;AREA01;ACTUALS
SERVICE02-INDIA-FranchiseF-T;DEP02;SERVICE02;2025-11-15 11:32:52.265031+00;2025-11-25 22:10:03.004065+00;INDIA;Franchise F;T;Y;Y;AREA01;ACTUALS
SERVICE22-UK-FranchiseF-A;DEP02;SERVICE22;2025-11-15 11:32:52.265031+00;2025-11-25 22:10:03.004065+00;UK;Franchise F;A;Y;Y;AREA01;ACTUALS
SERVICE22-UK-FranchiseF-T;DEP02;SERVICE22;2025-11-15 11:32:52.265031+00;2025-11-25 22:10:03.004065+00;UK;Franchise F;T;Y;Y;AREA01;ACTUALS
SERVICE22-INDIA-FranchiseF-A;DEP02;SERVICE22;2025-11-15 11:32:52.265031+00;2025-11-25 22:10:03.004065+00;INDIA;Franchise F;A;Y;Y;AREA01;ACTUALS
SERVICE22-INDIA-FranchiseF-T;DEP02;SERVICE22;2025-11-15 11:32:52.265031+00;2025-11-25 22:10:03.004065+00;INDIA;Franchise F;T;Y;Y;AREA01;ACTUALS
SERVICE03-INDIA-FranchiseF-A;DEP03;SERVICE03;2025-11-15 11:32:52.265031+00;2025-11-25 22:10:03.004065+00;INDIA;Franchise F;A;Y;Y;AREA01;ACTUALS
SERVICE03-INDIA-FranchiseF-T;DEP03;SERVICE03;2025-11-15 11:32:52.265031+00;2025-11-25 22:10:03.004065+00;INDIA;Franchise F;T;Y;Y;AREA01;ACTUALS
SERVICE33-UK-FranchiseF-A;DEP03;SERVICE33;2025-11-15 11:32:52.265031+00;2025-11-25 22:10:03.004065+00;UK;Franchise F;A;Y;Y;AREA01;ACTUALS
SERVICE33-UK-FranchiseF-T;DEP03;SERVICE33;2025-11-15 11:32:52.265031+00;2025-11-25 22:10:03.004065+00;UK;Franchise F;T;Y;Y;AREA01;ACTUALS
SERVICE03-UK-FranchiseF-A;DEP03;SERVICE03;2025-11-15 11:32:52.265031+00;2025-11-25 22:10:03.004065+00;UK;Franchise F;A;Y;Y;AREA01;ACTUALS
SERVICE03-UK-FranchiseF-T;DEP03;SERVICE03;2025-11-15 11:32:52.265031+00;2025-11-25 22:10:03.004065+00;UK;Franchise F;T;Y;Y;AREA01;ACTUALS
SERVICE33-INDIA-FranchiseF-A;DEP03;SERVICE33;2025-11-15 11:32:52.265031+00;2025-11-25 22:10:03.004065+00;INDIA;Franchise F;A;Y;Y;AREA01;ACTUALS
SERVICE33-INDIA-FranchiseF-T;DEP03;SERVICE33;2025-11-15 11:32:52.265031+00;2025-11-25 22:10:03.004065+00;INDIA;Franchise F;T;Y;Y;AREA01;ACTUALS
SERVICE04-INDIA-FranchiseF-A;DEP04;SERVICE04;2025-11-15 11:32:52.265031+00;2025-11-25 22:10:03.004065+00;INDIA;Franchise F;A;Y;Y;AREA01;ACTUALS
SERVICE04-INDIA-FranchiseF-T;DEP04;SERVICE04;2025-11-15 11:32:52.265031+00;2025-11-25 22:10:03.004065+00;INDIA;Franchise F;T;Y;Y;AREA01;ACTUALS
SERVICE44-UK-FranchiseF-A;DEP04;SERVICE44;2025-11-15 11:32:52.265031+00;2025-11-25 22:10:03.004065+00;UK;Franchise F;A;Y;Y;AREA01;ACTUALS
SERVICE44-UK-FranchiseF-T;DEP04;SERVICE44;2025-11-15 11:32:52.265031+00;2025-11-25 22:10:03.004065+00;UK;Franchise F;T;Y;Y;AREA01;ACTUALS
SERVICE04-UK-FranchiseF-A;DEP04;SERVICE04;2025-11-15 11:32:52.265031+00;2025-11-25 22:10:03.004065+00;UK;Franchise F;A;Y;Y;AREA01;ACTUALS
SERVICE04-UK-FranchiseF-T;DEP04;SERVICE04;2025-11-15 11:32:52.265031+00;2025-11-25 22:10:03.004065+00;UK;Franchise F;T;Y;Y;AREA01;ACTUALS
SERVICE44-INDIA-FranchiseF-A;DEP04;SERVICE44;2025-11-15 11:32:52.265031+00;2025-11-25 22:10:03.004065+00;INDIA;Franchise F;A;Y;Y;AREA01;ACTUALS
SERVICE44-INDIA-FranchiseF-T;DEP04;SERVICE44;2025-11-15 11:32:52.265031+00;2025-11-25 22:10:03.004065+00;INDIA;Franchise F;T;Y;Y;AREA01;ACTUALS
SERVICE11-UK-FranchiseF-A;DEP01;SERVICE11;2025-11-15 11:24:46.60307+00;2025-11-25 22:10:03.004065+00;UK;Franchise F;A;Y;Y;AREA01;ACTUALS
SERVICE11-UK-FranchiseF-T;DEP01;SERVICE11;2025-11-15 11:24:46.60307+00;2025-11-25 22:10:03.004065+00;UK;Franchise F;T;Y;Y;AREA01;ACTUALS
SERVICE11-INDIA-FranchiseF-A;DEP01;SERVICE11;2025-11-15 11:24:46.60307+00;2025-11-25 22:10:03.004065+00;INDIA;Franchise F;A;Y;Y;AREA01;ACTUALS
SERVICE11-INDIA-FranchiseF-T;DEP01;SERVICE11;2025-11-15 11:24:46.60307+00;2025-11-25 22:10:03.004065+00;INDIA;Franchise F;T;Y;Y;AREA01;ACTUALS
SERVICE01-UK-FranchiseG-A;DEP01;SERVICE01;2025-11-15 11:24:46.60307+00;2025-11-25 22:10:03.004065+00;UK;Franchise G;A;Y;Y;AREA01;ACTUALS
SERVICE01-UK-FranchiseG-Q;DEP01;SERVICE01;2025-11-15 11:24:46.60307+00;2025-11-25 22:10:03.004065+00;UK;Franchise G;Q;Y;Y;AREA01;ACTUALS
SERVICE02-UK-FranchiseG-A;DEP02;SERVICE02;2025-11-15 11:32:52.265031+00;2025-11-25 22:10:03.004065+00;UK;Franchise G;A;Y;Y;AREA01;ACTUALS
SERVICE02-UK-FranchiseG-Q;DEP02;SERVICE02;2025-11-15 11:32:52.265031+00;2025-11-25 22:10:03.004065+00;UK;Franchise G;Q;Y;Y;AREA01;ACTUALS
SERVICE02-INDIA-FranchiseG-A;DEP02;SERVICE02;2025-11-15 11:32:52.265031+00;2025-11-25 22:10:03.004065+00;INDIA;Franchise G;A;Y;Y;AREA01;ACTUALS
SERVICE02-INDIA-FranchiseG-Q;DEP02;SERVICE02;2025-11-15 11:32:52.265031+00;2025-11-25 22:10:03.004065+00;INDIA;Franchise G;Q;Y;Y;AREA01;ACTUALS
SERVICE22-UK-FranchiseG-A;DEP02;SERVICE22;2025-11-15 11:32:52.265031+00;2025-11-25 22:10:03.004065+00;UK;Franchise G;A;Y;Y;AREA01;ACTUALS
SERVICE22-UK-FranchiseG-Q;DEP02;SERVICE22;2025-11-15 11:32:52.265031+00;2025-11-25 22:10:03.004065+00;UK;Franchise G;Q;Y;Y;AREA01;ACTUALS
SERVICE22-INDIA-FranchiseG-A;DEP02;SERVICE22;2025-11-15 11:32:52.265031+00;2025-11-25 22:10:03.004065+00;INDIA;Franchise G;A;Y;Y;AREA01;ACTUALS
SERVICE22-INDIA-FranchiseG-Q;DEP02;SERVICE22;2025-11-15 11:32:52.265031+00;2025-11-25 22:10:03.004065+00;INDIA;Franchise G;Q;Y;Y;AREA01;ACTUALS
SERVICE03-INDIA-FranchiseG-A;DEP03;SERVICE03;2025-11-15 11:32:52.265031+00;2025-11-25 22:10:03.004065+00;INDIA;Franchise G;A;Y;Y;AREA01;ACTUALS
SERVICE03-INDIA-FranchiseG-Q;DEP03;SERVICE03;2025-11-15 11:32:52.265031+00;2025-11-25 22:10:03.004065+00;INDIA;Franchise G;Q;Y;Y;AREA01;ACTUALS
SERVICE33-UK-FranchiseG-A;DEP03;SERVICE33;2025-11-15 11:32:52.265031+00;2025-11-25 22:10:03.004065+00;UK;Franchise G;A;Y;Y;AREA01;ACTUALS
SERVICE33-UK-FranchiseG-Q;DEP03;SERVICE33;2025-11-15 11:32:52.265031+00;2025-11-25 22:10:03.004065+00;UK;Franchise G;Q;Y;Y;AREA01;ACTUALS
SERVICE03-UK-FranchiseG-A;DEP03;SERVICE03;2025-11-15 11:32:52.265031+00;2025-11-25 22:10:03.004065+00;UK;Franchise G;A;Y;Y;AREA01;ACTUALS
SERVICE03-UK-FranchiseG-Q;DEP03;SERVICE03;2025-11-15 11:32:52.265031+00;2025-11-25 22:10:03.004065+00;UK;Franchise G;Q;Y;Y;AREA01;ACTUALS
SERVICE33-INDIA-FranchiseG-A;DEP03;SERVICE33;2025-11-15 11:32:52.265031+00;2025-11-25 22:10:03.004065+00;INDIA;Franchise G;A;Y;Y;AREA01;ACTUALS
SERVICE33-INDIA-FranchiseG-Q;DEP03;SERVICE33;2025-11-15 11:32:52.265031+00;2025-11-25 22:10:03.004065+00;INDIA;Franchise G;Q;Y;Y;AREA01;ACTUALS
SERVICE12-INDIA-FranchiseA-A;DEP01;SERVICE12;2025-11-25 23:47:28.460109+00;2025-11-25 23:47:28.460109+00;INDIA;Franchise A;A;Y;Y;AREA01;ACTUALS
SERVICE12-INDIA-FranchiseA-B;DEP01;SERVICE12;2025-11-25 23:47:28.460109+00;2025-11-25 23:47:28.460109+00;INDIA;Franchise A;B;Y;Y;AREA01;ACTUALS
SERVICE12-INDIA-FranchiseB-A;DEP01;SERVICE12;2025-11-25 23:47:28.460109+00;2025-11-25 23:47:28.460109+00;INDIA;Franchise B;A;Y;Y;AREA01;ACTUALS
SERVICE12-INDIA-FranchiseB-B;DEP01;SERVICE12;2025-11-25 23:47:28.460109+00;2025-11-25 23:47:28.460109+00;INDIA;Franchise B;B;Y;Y;AREA01;ACTUALS
SERVICE12-INDIA-FranchiseC-Y;DEP01;SERVICE12;2025-11-25 23:47:28.460109+00;2025-11-25 23:47:28.460109+00;INDIA;Franchise C;Y;Y;Y;AREA01;ACTUALS
SERVICE12-INDIA-FranchiseC-D;DEP01;SERVICE12;2025-11-25 23:47:28.460109+00;2025-11-25 23:47:28.460109+00;INDIA;Franchise C;D;Y;Y;AREA01;ACTUALS
SERVICE12-INDIA-FranchiseC-E;DEP01;SERVICE12;2025-11-25 23:47:28.460109+00;2025-11-25 23:47:28.460109+00;INDIA;Franchise C;E;Y;Y;AREA01;ACTUALS
SERVICE12-INDIA-FranchiseC-I;DEP01;SERVICE12;2025-11-25 23:47:28.460109+00;2025-11-25 23:47:28.460109+00;INDIA;Franchise C;I;N;N;AREA01;ACTUALS
SERVICE12-INDIA-FranchiseC-J;DEP01;SERVICE12;2025-11-25 23:47:28.460109+00;2025-11-25 23:47:28.460109+00;INDIA;Franchise C;J;N;N;AREA01;ACTUALS
SERVICE13-UK-FranchiseC-Y;DEP01;SERVICE13;2025-11-25 23:47:28.460109+00;2025-11-25 23:47:28.460109+00;UK;Franchise C;Y;Y;Y;AREA01;ACTUALS
SERVICE13-UK-FranchiseC-D;DEP01;SERVICE13;2025-11-25 23:47:28.460109+00;2025-11-25 23:47:28.460109+00;UK;Franchise C;D;Y;Y;AREA01;ACTUALS
SERVICE13-UK-FranchiseC-E;DEP01;SERVICE13;2025-11-25 23:47:28.460109+00;2025-11-25 23:47:28.460109+00;UK;Franchise C;E;Y;Y;AREA01;ACTUALS
SERVICE13-UK-FranchiseC-I;DEP01;SERVICE13;2025-11-25 23:47:28.460109+00;2025-11-25 23:47:28.460109+00;UK;Franchise C;I;N;N;AREA01;ACTUALS
SERVICE13-UK-FranchiseC-J;DEP01;SERVICE13;2025-11-25 23:47:28.460109+00;2025-11-25 23:47:28.460109+00;UK;Franchise C;J;N;N;AREA01;ACTUALS
SERVICE13-UK-FranchiseC-O;DEP01;SERVICE13;2025-11-25 23:47:28.460109+00;2025-11-25 23:47:28.460109+00;UK;Franchise C;O;N;N;AREA01;ACTUALS
SERVICE13-INDIA-FranchiseC-Y;DEP01;SERVICE13;2025-11-25 23:47:28.460109+00;2025-11-25 23:47:28.460109+00;INDIA;Franchise C;Y;Y;Y;AREA01;ACTUALS
SERVICE13-INDIA-FranchiseC-D;DEP01;SERVICE13;2025-11-25 23:47:28.460109+00;2025-11-25 23:47:28.460109+00;INDIA;Franchise C;D;Y;Y;AREA01;ACTUALS
SERVICE13-INDIA-FranchiseC-E;DEP01;SERVICE13;2025-11-25 23:47:28.460109+00;2025-11-25 23:47:28.460109+00;INDIA;Franchise C;E;Y;Y;AREA01;ACTUALS
SERVICE13-INDIA-FranchiseC-I;DEP01;SERVICE13;2025-11-25 23:47:28.460109+00;2025-11-25 23:47:28.460109+00;INDIA;Franchise C;I;N;N;AREA01;ACTUALS
SERVICE13-INDIA-FranchiseC-J;DEP01;SERVICE13;2025-11-25 23:47:28.460109+00;2025-11-25 23:47:28.460109+00;INDIA;Franchise C;J;N;N;AREA01;ACTUALS
SERVICE13-INDIA-FranchiseC-O;DEP01;SERVICE13;2025-11-25 23:47:28.460109+00;2025-11-25 23:47:28.460109+00;INDIA;Franchise C;O;N;N;AREA01;ACTUALS
SERVICE14-UK-FranchiseA-B;DEP01;SERVICE14;2025-11-25 23:47:28.460109+00;2025-11-25 23:47:28.460109+00;UK;Franchise A;B;Y;Y;AREA01;ACTUALS
SERVICE14-INDIA-FranchiseA-A;DEP01;SERVICE14;2025-11-25 23:47:28.460109+00;2025-11-25 23:47:28.460109+00;INDIA;Franchise A;A;Y;Y;AREA01;ACTUALS
SERVICE14-INDIA-FranchiseA-B;DEP01;SERVICE14;2025-11-25 23:47:28.460109+00;2025-11-25 23:47:28.460109+00;INDIA;Franchise A;B;Y;Y;AREA01;ACTUALS
SERVICE14-UK-FranchiseB-A;DEP01;SERVICE14;2025-11-25 23:47:28.460109+00;2025-11-25 23:47:28.460109+00;UK;Franchise B;A;Y;Y;AREA01;ACTUALS
SERVICE12-UK-FranchiseD-C;DEP01;SERVICE12;2025-11-25 23:47:28.460109+00;2025-11-25 23:47:28.460109+00;UK;Franchise D;C;Y;Y;AREA01;ACTUALS
SERVICE12-UK-FranchiseD-V;DEP01;SERVICE12;2025-11-25 23:47:28.460109+00;2025-11-25 23:47:28.460109+00;UK;Franchise D;V;Y;Y;AREA01;ACTUALS
SERVICE12-UK-FranchiseD-N;DEP01;SERVICE12;2025-11-25 23:47:28.460109+00;2025-11-25 23:47:28.460109+00;UK;Franchise D;N;Y;Y;AREA01;ACTUALS
SERVICE12-UK-FranchiseD-M;DEP01;SERVICE12;2025-11-25 23:47:28.460109+00;2025-11-25 23:47:28.460109+00;UK;Franchise D;M;Y;Y;AREA01;ACTUALS
SERVICE12-UK-FranchiseD-F;DEP01;SERVICE12;2025-11-25 23:47:28.460109+00;2025-11-25 23:47:28.460109+00;UK;Franchise D;F;N;N;AREA01;ACTUALS
SERVICE12-UK-FranchiseD-G;DEP01;SERVICE12;2025-11-25 23:47:28.460109+00;2025-11-25 23:47:28.460109+00;UK;Franchise D;G;N;N;AREA01;ACTUALS
SERVICE12-UK-FranchiseD-H;DEP01;SERVICE12;2025-11-25 23:47:28.460109+00;2025-11-25 23:47:28.460109+00;UK;Franchise D;H;N;N;AREA01;ACTUALS
SERVICE12-INDIA-FranchiseD-C;DEP01;SERVICE12;2025-11-25 23:47:28.460109+00;2025-11-25 23:47:28.460109+00;INDIA;Franchise D;C;Y;Y;AREA01;ACTUALS
SERVICE12-INDIA-FranchiseD-V;DEP01;SERVICE12;2025-11-25 23:47:28.460109+00;2025-11-25 23:47:28.460109+00;INDIA;Franchise D;V;Y;Y;AREA01;ACTUALS
SERVICE12-INDIA-FranchiseD-N;DEP01;SERVICE12;2025-11-25 23:47:28.460109+00;2025-11-25 23:47:28.460109+00;INDIA;Franchise D;N;Y;Y;AREA01;ACTUALS
SERVICE12-INDIA-FranchiseD-M;DEP01;SERVICE12;2025-11-25 23:47:28.460109+00;2025-11-25 23:47:28.460109+00;INDIA;Franchise D;M;Y;Y;AREA01;ACTUALS
SERVICE12-INDIA-FranchiseD-F;DEP01;SERVICE12;2025-11-25 23:47:28.460109+00;2025-11-25 23:47:28.460109+00;INDIA;Franchise D;F;N;N;AREA01;ACTUALS
SERVICE12-INDIA-FranchiseD-G;DEP01;SERVICE12;2025-11-25 23:47:28.460109+00;2025-11-25 23:47:28.460109+00;INDIA;Franchise D;G;N;N;AREA01;ACTUALS
SERVICE12-INDIA-FranchiseD-H;DEP01;SERVICE12;2025-11-25 23:47:28.460109+00;2025-11-25 23:47:28.460109+00;INDIA;Franchise D;H;N;N;AREA01;ACTUALS
SERVICE14-UK-FranchiseD-C;DEP01;SERVICE14;2025-11-25 23:47:28.460109+00;2025-11-25 23:47:28.460109+00;UK;Franchise D;C;Y;Y;AREA01;ACTUALS
SERVICE14-UK-FranchiseD-V;DEP01;SERVICE14;2025-11-25 23:47:28.460109+00;2025-11-25 23:47:28.460109+00;UK;Franchise D;V;Y;Y;AREA01;ACTUALS
SERVICE14-UK-FranchiseD-N;DEP01;SERVICE14;2025-11-25 23:47:28.460109+00;2025-11-25 23:47:28.460109+00;UK;Franchise D;N;Y;Y;AREA01;ACTUALS
SERVICE14-UK-FranchiseD-M;DEP01;SERVICE14;2025-11-25 23:47:28.460109+00;2025-11-25 23:47:28.460109+00;UK;Franchise D;M;Y;Y;AREA01;ACTUALS
SERVICE14-UK-FranchiseD-F;DEP01;SERVICE14;2025-11-25 23:47:28.460109+00;2025-11-25 23:47:28.460109+00;UK;Franchise D;F;N;N;AREA01;ACTUALS
SERVICE14-UK-FranchiseD-G;DEP01;SERVICE14;2025-11-25 23:47:28.460109+00;2025-11-25 23:47:28.460109+00;UK;Franchise D;G;N;N;AREA01;ACTUALS
SERVICE14-UK-FranchiseD-H;DEP01;SERVICE14;2025-11-25 23:47:28.460109+00;2025-11-25 23:47:28.460109+00;UK;Franchise D;H;N;N;AREA01;ACTUALS
SERVICE14-INDIA-FranchiseD-C;DEP01;SERVICE14;2025-11-25 23:47:28.460109+00;2025-11-25 23:47:28.460109+00;INDIA;Franchise D;C;Y;Y;AREA01;ACTUALS
SERVICE14-INDIA-FranchiseD-V;DEP01;SERVICE14;2025-11-25 23:47:28.460109+00;2025-11-25 23:47:28.460109+00;INDIA;Franchise D;V;Y;Y;AREA01;ACTUALS
SERVICE14-INDIA-FranchiseD-N;DEP01;SERVICE14;2025-11-25 23:47:28.460109+00;2025-11-25 23:47:28.460109+00;INDIA;Franchise D;N;Y;Y;AREA01;ACTUALS
SERVICE14-INDIA-FranchiseD-M;DEP01;SERVICE14;2025-11-25 23:47:28.460109+00;2025-11-25 23:47:28.460109+00;INDIA;Franchise D;M;Y;Y;AREA01;ACTUALS
SERVICE14-INDIA-FranchiseD-F;DEP01;SERVICE14;2025-11-25 23:47:28.460109+00;2025-11-25 23:47:28.460109+00;INDIA;Franchise D;F;N;N;AREA01;ACTUALS
SERVICE14-INDIA-FranchiseD-G;DEP01;SERVICE14;2025-11-25 23:47:28.460109+00;2025-11-25 23:47:28.460109+00;INDIA;Franchise D;G;N;N;AREA01;ACTUALS
SERVICE14-INDIA-FranchiseD-H;DEP01;SERVICE14;2025-11-25 23:47:28.460109+00;2025-11-25 23:47:28.460109+00;INDIA;Franchise D;H;N;N;AREA01;ACTUALS
SERVICE13-INDIA-FranchiseD-C;DEP01;SERVICE13;2025-11-25 23:47:28.460109+00;2025-11-25 23:47:28.460109+00;INDIA;Franchise D;C;Y;Y;AREA01;ACTUALS
SERVICE13-INDIA-FranchiseD-V;DEP01;SERVICE13;2025-11-25 23:47:28.460109+00;2025-11-25 23:47:28.460109+00;INDIA;Franchise D;V;Y;Y;AREA01;ACTUALS
SERVICE13-INDIA-FranchiseD-N;DEP01;SERVICE13;2025-11-25 23:47:28.460109+00;2025-11-25 23:47:28.460109+00;INDIA;Franchise D;N;Y;Y;AREA01;ACTUALS
SERVICE13-INDIA-FranchiseD-M;DEP01;SERVICE13;2025-11-25 23:47:28.460109+00;2025-11-25 23:47:28.460109+00;INDIA;Franchise D;M;Y;Y;AREA01;ACTUALS
SERVICE13-INDIA-FranchiseD-F;DEP01;SERVICE13;2025-11-25 23:47:28.460109+00;2025-11-25 23:47:28.460109+00;INDIA;Franchise D;F;N;N;AREA01;ACTUALS
SERVICE13-INDIA-FranchiseD-G;DEP01;SERVICE13;2025-11-25 23:47:28.460109+00;2025-11-25 23:47:28.460109+00;INDIA;Franchise D;G;N;N;AREA01;ACTUALS
SERVICE13-INDIA-FranchiseD-H;DEP01;SERVICE13;2025-11-25 23:47:28.460109+00;2025-11-25 23:47:28.460109+00;INDIA;Franchise D;H;N;N;AREA01;ACTUALS
SERVICE01-UK-FranchiseA-A;DEP01;SERVICE01;2025-11-15 11:24:46.60307+00;2025-11-25 22:10:03.004065+00;UK;Franchise A;A;Y;Y;AREA01;ACTUALS
SERVICE01-UK-FranchiseA-B;DEP01;SERVICE01;2025-11-15 11:24:46.60307+00;2025-11-25 22:10:03.004065+00;UK;Franchise A;B;Y;Y;AREA01;ACTUALS
SERVICE01-INDIA-FranchiseA-A;DEP01;SERVICE01;2025-11-15 11:24:46.60307+00;2025-11-25 22:10:03.004065+00;INDIA;Franchise A;A;Y;Y;AREA01;ACTUALS
SERVICE01-INDIA-FranchiseA-B;DEP01;SERVICE01;2025-11-15 11:24:46.60307+00;2025-11-25 22:10:03.004065+00;INDIA;Franchise A;B;Y;Y;AREA01;ACTUALS
SERVICE02-UK-FranchiseA-A;DEP02;SERVICE02;2025-11-15 11:32:52.265031+00;2025-11-25 22:10:03.004065+00;UK;Franchise A;A;Y;Y;AREA01;ACTUALS
SERVICE02-UK-FranchiseA-B;DEP02;SERVICE02;2025-11-15 11:32:52.265031+00;2025-11-25 22:10:03.004065+00;UK;Franchise A;B;Y;Y;AREA01;ACTUALS
SERVICE22-UK-FranchiseA-A;DEP02;SERVICE22;2025-11-15 11:32:52.265031+00;2025-11-25 22:10:03.004065+00;UK;Franchise A;A;Y;Y;AREA01;ACTUALS
SERVICE33-UK-FranchiseA-B;DEP03;SERVICE33;2025-11-15 11:32:52.265031+00;2025-11-25 22:10:03.004065+00;UK;Franchise A;B;Y;Y;AREA01;ACTUALS
SERVICE13-UK-FranchiseD-C;DEP01;SERVICE13;2025-11-25 23:47:28.460109+00;2025-11-25 23:47:28.460109+00;UK;Franchise D;C;Y;Y;AREA01;ACTUALS
SERVICE13-UK-FranchiseD-V;DEP01;SERVICE13;2025-11-25 23:47:28.460109+00;2025-11-25 23:47:28.460109+00;UK;Franchise D;V;Y;Y;AREA01;ACTUALS
SERVICE13-UK-FranchiseD-N;DEP01;SERVICE13;2025-11-25 23:47:28.460109+00;2025-11-25 23:47:28.460109+00;UK;Franchise D;N;Y;Y;AREA01;ACTUALS
SERVICE13-UK-FranchiseD-M;DEP01;SERVICE13;2025-11-25 23:47:28.460109+00;2025-11-25 23:47:28.460109+00;UK;Franchise D;M;Y;Y;AREA01;ACTUALS
SERVICE13-UK-FranchiseD-F;DEP01;SERVICE13;2025-11-25 23:47:28.460109+00;2025-11-25 23:47:28.460109+00;UK;Franchise D;F;N;N;AREA01;ACTUALS
SERVICE13-UK-FranchiseD-G;DEP01;SERVICE13;2025-11-25 23:47:28.460109+00;2025-11-25 23:47:28.460109+00;UK;Franchise D;G;N;N;AREA01;ACTUALS
SERVICE13-UK-FranchiseD-H;DEP01;SERVICE13;2025-11-25 23:47:28.460109+00;2025-11-25 23:47:28.460109+00;UK;Franchise D;H;N;N;AREA01;ACTUALS
SERVICE14-INDIA-FranchiseE-L;DEP01;SERVICE14;2025-11-25 23:47:28.460109+00;2025-11-25 23:47:28.460109+00;INDIA;Franchise E;L;Y;Y;AREA01;ACTUALS
SERVICE14-INDIA-FranchiseE-P;DEP01;SERVICE14;2025-11-25 23:47:28.460109+00;2025-11-25 23:47:28.460109+00;INDIA;Franchise E;P;N;N;AREA01;ACTUALS
SERVICE14-INDIA-FranchiseE-R;DEP01;SERVICE14;2025-11-25 23:47:28.460109+00;2025-11-25 23:47:28.460109+00;INDIA;Franchise E;R;N;N;AREA01;ACTUALS
SERVICE12-UK-FranchiseE-K;DEP01;SERVICE12;2025-11-25 23:47:28.460109+00;2025-11-25 23:47:28.460109+00;UK;Franchise E;K;Y;Y;AREA01;ACTUALS
SERVICE12-UK-FranchiseE-L;DEP01;SERVICE12;2025-11-25 23:47:28.460109+00;2025-11-25 23:47:28.460109+00;UK;Franchise E;L;Y;Y;AREA01;ACTUALS
SERVICE12-UK-FranchiseE-P;DEP01;SERVICE12;2025-11-25 23:47:28.460109+00;2025-11-25 23:47:28.460109+00;UK;Franchise E;P;N;N;AREA01;ACTUALS
SERVICE12-UK-FranchiseE-R;DEP01;SERVICE12;2025-11-25 23:47:28.460109+00;2025-11-25 23:47:28.460109+00;UK;Franchise E;R;N;N;AREA01;ACTUALS
SERVICE12-UK-FranchiseE-S;DEP01;SERVICE12;2025-11-25 23:47:28.460109+00;2025-11-25 23:47:28.460109+00;UK;Franchise E;S;N;N;AREA01;ACTUALS
SERVICE12-INDIA-FranchiseE-K;DEP01;SERVICE12;2025-11-25 23:47:28.460109+00;2025-11-25 23:47:28.460109+00;INDIA;Franchise E;K;Y;Y;AREA01;ACTUALS
SERVICE12-INDIA-FranchiseE-L;DEP01;SERVICE12;2025-11-25 23:47:28.460109+00;2025-11-25 23:47:28.460109+00;INDIA;Franchise E;L;Y;Y;AREA01;ACTUALS
SERVICE12-INDIA-FranchiseE-P;DEP01;SERVICE12;2025-11-25 23:47:28.460109+00;2025-11-25 23:47:28.460109+00;INDIA;Franchise E;P;N;N;AREA01;ACTUALS
SERVICE12-INDIA-FranchiseE-R;DEP01;SERVICE12;2025-11-25 23:47:28.460109+00;2025-11-25 23:47:28.460109+00;INDIA;Franchise E;R;N;N;AREA01;ACTUALS
SERVICE12-INDIA-FranchiseE-S;DEP01;SERVICE12;2025-11-25 23:47:28.460109+00;2025-11-25 23:47:28.460109+00;INDIA;Franchise E;S;N;N;AREA01;ACTUALS
SERVICE14-UK-FranchiseE-K;DEP01;SERVICE14;2025-11-25 23:47:28.460109+00;2025-11-25 23:47:28.460109+00;UK;Franchise E;K;Y;Y;AREA01;ACTUALS
SERVICE14-UK-FranchiseE-L;DEP01;SERVICE14;2025-11-25 23:47:28.460109+00;2025-11-25 23:47:28.460109+00;UK;Franchise E;L;Y;Y;AREA01;ACTUALS
SERVICE14-UK-FranchiseE-P;DEP01;SERVICE14;2025-11-25 23:47:28.460109+00;2025-11-25 23:47:28.460109+00;UK;Franchise E;P;N;N;AREA01;ACTUALS
SERVICE14-UK-FranchiseE-R;DEP01;SERVICE14;2025-11-25 23:47:28.460109+00;2025-11-25 23:47:28.460109+00;UK;Franchise E;R;N;N;AREA01;ACTUALS
SERVICE14-UK-FranchiseE-S;DEP01;SERVICE14;2025-11-25 23:47:28.460109+00;2025-11-25 23:47:28.460109+00;UK;Franchise E;S;N;N;AREA01;ACTUALS
SERVICE14-INDIA-FranchiseE-K;DEP01;SERVICE14;2025-11-25 23:47:28.460109+00;2025-11-25 23:47:28.460109+00;INDIA;Franchise E;K;Y;Y;AREA01;ACTUALS
SERVICE14-INDIA-FranchiseE-S;DEP01;SERVICE14;2025-11-25 23:47:28.460109+00;2025-11-25 23:47:28.460109+00;INDIA;Franchise E;S;N;N;AREA01;ACTUALS
SERVICE13-INDIA-FranchiseE-K;DEP01;SERVICE13;2025-11-25 23:47:28.460109+00;2025-11-25 23:47:28.460109+00;INDIA;Franchise E;K;Y;Y;AREA01;ACTUALS
SERVICE13-INDIA-FranchiseE-L;DEP01;SERVICE13;2025-11-25 23:47:28.460109+00;2025-11-25 23:47:28.460109+00;INDIA;Franchise E;L;Y;Y;AREA01;ACTUALS
SERVICE13-INDIA-FranchiseE-P;DEP01;SERVICE13;2025-11-25 23:47:28.460109+00;2025-11-25 23:47:28.460109+00;INDIA;Franchise E;P;N;N;AREA01;ACTUALS
SERVICE13-INDIA-FranchiseE-R;DEP01;SERVICE13;2025-11-25 23:47:28.460109+00;2025-11-25 23:47:28.460109+00;INDIA;Franchise E;R;N;N;AREA01;ACTUALS
SERVICE13-INDIA-FranchiseE-S;DEP01;SERVICE13;2025-11-25 23:47:28.460109+00;2025-11-25 23:47:28.460109+00;INDIA;Franchise E;S;N;N;AREA01;ACTUALS
SERVICE13-UK-FranchiseE-K;DEP01;SERVICE13;2025-11-25 23:47:28.460109+00;2025-11-25 23:47:28.460109+00;UK;Franchise E;K;Y;Y;AREA01;ACTUALS
SERVICE13-UK-FranchiseE-L;DEP01;SERVICE13;2025-11-25 23:47:28.460109+00;2025-11-25 23:47:28.460109+00;UK;Franchise E;L;Y;Y;AREA01;ACTUALS
SERVICE13-UK-FranchiseE-P;DEP01;SERVICE13;2025-11-25 23:47:28.460109+00;2025-11-25 23:47:28.460109+00;UK;Franchise E;P;N;N;AREA01;ACTUALS
SERVICE13-UK-FranchiseE-R;DEP01;SERVICE13;2025-11-25 23:47:28.460109+00;2025-11-25 23:47:28.460109+00;UK;Franchise E;R;N;N;AREA01;ACTUALS
SERVICE13-UK-FranchiseE-S;DEP01;SERVICE13;2025-11-25 23:47:28.460109+00;2025-11-25 23:47:28.460109+00;UK;Franchise E;S;N;N;AREA01;ACTUALS
SERVICE12-UK-FranchiseF-A;DEP01;SERVICE12;2025-11-25 23:47:28.460109+00;2025-11-25 23:47:28.460109+00;UK;Franchise F;A;Y;Y;AREA01;ACTUALS
SERVICE12-UK-FranchiseF-T;DEP01;SERVICE12;2025-11-25 23:47:28.460109+00;2025-11-25 23:47:28.460109+00;UK;Franchise F;T;Y;Y;AREA01;ACTUALS
SERVICE12-INDIA-FranchiseF-A;DEP01;SERVICE12;2025-11-25 23:47:28.460109+00;2025-11-25 23:47:28.460109+00;INDIA;Franchise F;A;Y;Y;AREA01;ACTUALS
SERVICE12-INDIA-FranchiseF-T;DEP01;SERVICE12;2025-11-25 23:47:28.460109+00;2025-11-25 23:47:28.460109+00;INDIA;Franchise F;T;Y;Y;AREA01;ACTUALS
SERVICE14-UK-FranchiseF-A;DEP01;SERVICE14;2025-11-25 23:47:28.460109+00;2025-11-25 23:47:28.460109+00;UK;Franchise F;A;Y;Y;AREA01;ACTUALS
SERVICE14-UK-FranchiseF-T;DEP01;SERVICE14;2025-11-25 23:47:28.460109+00;2025-11-25 23:47:28.460109+00;UK;Franchise F;T;Y;Y;AREA01;ACTUALS
SERVICE14-INDIA-FranchiseF-A;DEP01;SERVICE14;2025-11-25 23:47:28.460109+00;2025-11-25 23:47:28.460109+00;INDIA;Franchise F;A;Y;Y;AREA01;ACTUALS
SERVICE14-INDIA-FranchiseF-T;DEP01;SERVICE14;2025-11-25 23:47:28.460109+00;2025-11-25 23:47:28.460109+00;INDIA;Franchise F;T;Y;Y;AREA01;ACTUALS
SERVICE13-INDIA-FranchiseF-A;DEP01;SERVICE13;2025-11-25 23:47:28.460109+00;2025-11-25 23:47:28.460109+00;INDIA;Franchise F;A;Y;Y;AREA01;ACTUALS
SERVICE13-INDIA-FranchiseF-T;DEP01;SERVICE13;2025-11-25 23:47:28.460109+00;2025-11-25 23:47:28.460109+00;INDIA;Franchise F;T;Y;Y;AREA01;ACTUALS
SERVICE13-UK-FranchiseF-A;DEP01;SERVICE13;2025-11-25 23:47:28.460109+00;2025-11-25 23:47:28.460109+00;UK;Franchise F;A;Y;Y;AREA01;ACTUALS
SERVICE13-UK-FranchiseF-T;DEP01;SERVICE13;2025-11-25 23:47:28.460109+00;2025-11-25 23:47:28.460109+00;UK;Franchise F;T;Y;Y;AREA01;ACTUALS
SERVICE12-UK-FranchiseG-A;DEP01;SERVICE12;2025-11-25 23:47:28.460109+00;2025-11-25 23:47:28.460109+00;UK;Franchise G;A;Y;Y;AREA01;ACTUALS
SERVICE12-UK-FranchiseG-Q;DEP01;SERVICE12;2025-11-25 23:47:28.460109+00;2025-11-25 23:47:28.460109+00;UK;Franchise G;Q;Y;Y;AREA01;ACTUALS
SERVICE12-INDIA-FranchiseG-A;DEP01;SERVICE12;2025-11-25 23:47:28.460109+00;2025-11-25 23:47:28.460109+00;INDIA;Franchise G;A;Y;Y;AREA01;ACTUALS
SERVICE12-INDIA-FranchiseG-Q;DEP01;SERVICE12;2025-11-25 23:47:28.460109+00;2025-11-25 23:47:28.460109+00;INDIA;Franchise G;Q;Y;Y;AREA01;ACTUALS
SERVICE14-UK-FranchiseG-A;DEP01;SERVICE14;2025-11-25 23:47:28.460109+00;2025-11-25 23:47:28.460109+00;UK;Franchise G;A;Y;Y;AREA01;ACTUALS
SERVICE14-UK-FranchiseG-Q;DEP01;SERVICE14;2025-11-25 23:47:28.460109+00;2025-11-25 23:47:28.460109+00;UK;Franchise G;Q;Y;Y;AREA01;ACTUALS
SERVICE14-INDIA-FranchiseG-A;DEP01;SERVICE14;2025-11-25 23:47:28.460109+00;2025-11-25 23:47:28.460109+00;INDIA;Franchise G;A;Y;Y;AREA01;ACTUALS
SERVICE14-INDIA-FranchiseG-Q;DEP01;SERVICE14;2025-11-25 23:47:28.460109+00;2025-11-25 23:47:28.460109+00;INDIA;Franchise G;Q;Y;Y;AREA01;ACTUALS
SERVICE13-INDIA-FranchiseG-A;DEP01;SERVICE13;2025-11-25 23:47:28.460109+00;2025-11-25 23:47:28.460109+00;INDIA;Franchise G;A;Y;Y;AREA01;ACTUALS
SERVICE13-INDIA-FranchiseG-Q;DEP01;SERVICE13;2025-11-25 23:47:28.460109+00;2025-11-25 23:47:28.460109+00;INDIA;Franchise G;Q;Y;Y;AREA01;ACTUALS
SERVICE13-UK-FranchiseG-A;DEP01;SERVICE13;2025-11-25 23:47:28.460109+00;2025-11-25 23:47:28.460109+00;UK;Franchise G;A;Y;Y;AREA01;ACTUALS
SERVICE13-UK-FranchiseG-Q;DEP01;SERVICE13;2025-11-25 23:47:28.460109+00;2025-11-25 23:47:28.460109+00;UK;Franchise G;Q;Y;Y;AREA01;ACTUALS
SERVICE12-UK-FranchiseA-A;DEP01;SERVICE12;2025-11-25 23:47:28.460109+00;2025-11-25 23:47:28.460109+00;UK;Franchise A;A;Y;Y;AREA01;ACTUALS
SERVICE12-UK-FranchiseA-B;DEP01;SERVICE12;2025-11-25 23:47:28.460109+00;2025-11-25 23:47:28.460109+00;UK;Franchise A;B;Y;Y;AREA01;ACTUALS
SERVICE14-UK-FranchiseA-A;DEP01;SERVICE14;2025-11-25 23:47:28.460109+00;2025-11-25 23:47:28.460109+00;UK;Franchise A;A;Y;Y;AREA01;ACTUALS
SERVICE04-INDIA-FranchiseG-A;DEP04;SERVICE04;2025-11-15 11:32:52.265031+00;2025-11-25 22:10:03.004065+00;INDIA;Franchise G;A;Y;Y;AREA01;ACTUALS
SERVICE04-INDIA-FranchiseG-Q;DEP04;SERVICE04;2025-11-15 11:32:52.265031+00;2025-11-25 22:10:03.004065+00;INDIA;Franchise G;Q;Y;Y;AREA01;ACTUALS
SERVICE44-UK-FranchiseG-A;DEP04;SERVICE44;2025-11-15 11:32:52.265031+00;2025-11-25 22:10:03.004065+00;UK;Franchise G;A;Y;Y;AREA01;ACTUALS
SERVICE44-UK-FranchiseG-Q;DEP04;SERVICE44;2025-11-15 11:32:52.265031+00;2025-11-25 22:10:03.004065+00;UK;Franchise G;Q;Y;Y;AREA01;ACTUALS
SERVICE04-UK-FranchiseG-A;DEP04;SERVICE04;2025-11-15 11:32:52.265031+00;2025-11-25 22:10:03.004065+00;UK;Franchise G;A;Y;Y;AREA01;ACTUALS
SERVICE04-UK-FranchiseG-Q;DEP04;SERVICE04;2025-11-15 11:32:52.265031+00;2025-11-25 22:10:03.004065+00;UK;Franchise G;Q;Y;Y;AREA01;ACTUALS
SERVICE44-INDIA-FranchiseG-A;DEP04;SERVICE44;2025-11-15 11:32:52.265031+00;2025-11-25 22:10:03.004065+00;INDIA;Franchise G;A;Y;Y;AREA01;ACTUALS
SERVICE44-INDIA-FranchiseG-Q;DEP04;SERVICE44;2025-11-15 11:32:52.265031+00;2025-11-25 22:10:03.004065+00;INDIA;Franchise G;Q;Y;Y;AREA01;ACTUALS
SERVICE11-UK-FranchiseG-A;DEP01;SERVICE11;2025-11-15 11:24:46.60307+00;2025-11-25 22:10:03.004065+00;UK;Franchise G;A;Y;Y;AREA01;ACTUALS
SERVICE11-UK-FranchiseG-Q;DEP01;SERVICE11;2025-11-15 11:24:46.60307+00;2025-11-25 22:10:03.004065+00;UK;Franchise G;Q;Y;Y;AREA01;ACTUALS
SERVICE11-INDIA-FranchiseG-A;DEP01;SERVICE11;2025-11-15 11:24:46.60307+00;2025-11-25 22:10:03.004065+00;INDIA;Franchise G;A;Y;Y;AREA01;ACTUALS
SERVICE11-INDIA-FranchiseG-Q;DEP01;SERVICE11;2025-11-15 11:24:46.60307+00;2025-11-25 22:10:03.004065+00;INDIA;Franchise G;Q;Y;Y;AREA01;ACTUALS